<?xml version="1.0" encoding="UTF-8"?>
<kml xmlns="http://earth.google.com/kml/2.1">
 <Document>
  <name>Liste des terrains ULM - Source BASULM</name>
  <Placemark id="FM97401">
    <name>FM97401 - La Saline les Bains</name>
    <description>Règles spécifiques d&#039;accès</description>
    <Point>
      <coordinates>55.249107,-21.097213</coordinates>
    </Point>
  </Placemark>
  <Placemark id="FM97402">
    <name>FM97402 - Cambaie</name>
    <description>Base ULM Accès privé</description>
    <Point>
      <coordinates>55.281615,-20.963263</coordinates>
    </Point>
  </Placemark>
  <Placemark id="FM97403">
    <name>FM97403 - Grand Coude</name>
    <description>AltiSurface. Contact préalable impératif.</description>
    <Point>
      <coordinates>55.623555,-21.288811</coordinates>
    </Point>
  </Placemark>
  <Placemark id="FM97404">
    <name>FM97404 - Uca</name>
    <description>Base ULM Autorisation OBLIGATOIRE </description>
    <Point>
      <coordinates>55.664506,-20.985884</coordinates>
    </Point>
  </Placemark>
  <Placemark id="FM97405">
    <name>FM97405 - Adventure Réunion Paramoteur</name>
    <description>Base Paramoteurs Libre Ouvert aux ULM Autorisation OBLIGATOIRE </description>
    <Point>
      <coordinates>55.261705,-21.112064</coordinates>
    </Point>
  </Placemark>
  <Placemark id="FMCZ">
    <name>FMCZ - Dzaoudzi Pamandzi</name>
    <description>Aérodrome C.A.P. Ouvert aux ULM Autorisation OBLIGATOIRE </description>
    <Point>
      <coordinates>45.279571,-12.804595</coordinates>
    </Point>
  </Placemark>
  <Placemark id="FMEE">
    <name>FMEE - Roland-Garros</name>
    <description>Aérodrome C.A.P. Ouvert aux ULM Autorisation OBLIGATOIRE </description>
    <Point>
      <coordinates>55.519429,-20.894283</coordinates>
    </Point>
  </Placemark>
  <Placemark id="FMEP">
    <name>FMEP - Saint Pierre Pierrefonds</name>
    <description>Aérodrome C.A.P. Libre d&#039;accès aux ULM  </description>
    <Point>
      <coordinates>55.425625,-21.321678</coordinates>
    </Point>
  </Placemark>
  <Placemark id="LF0121">
    <name>LF0121 - La Tranclière</name>
    <description>Aérodrome Privé Avec Restrictions Autorisation OBLIGATOIRE </description>
    <Point>
      <coordinates>5.2860195079346,46.095759195808995</coordinates>
    </Point>
  </Placemark>
  <Placemark id="LF0125">
    <name>LF0125 - Lavours</name>
    <description>Base ULM. Usage strictement privé (pas de visiteurs).</description>
    <Point>
      <coordinates>5.773954322753866,45.795718117737</coordinates>
    </Point>
  </Placemark>
  <Placemark id="LF0151">
    <name>LF0151 - Corbonod Seyssel</name>
    <description>Aérodrome Privé Avec Restrictions Autorisation OBLIGATOIRE </description>
    <Point>
      <coordinates>5.817990,45.961435</coordinates>
    </Point>
  </Placemark>
  <Placemark id="LF0152">
    <name>LF0152 - Crottet Le Bief</name>
    <description>Base ULM Autorisation OBLIGATOIRE </description>
    <Point>
      <coordinates>4.886040687561035,46.28512660120123</coordinates>
    </Point>
  </Placemark>
  <Placemark id="LF0153">
    <name>LF0153 - Izenave</name>
    <description>Base ULM Accès privé</description>
    <Point>
      <coordinates>5.524019645507792,46.027364325662</coordinates>
    </Point>
  </Placemark>
  <Placemark id="LF0154">
    <name>LF0154 - Polliat</name>
    <description>Base ULM Autorisation OBLIGATOIRE </description>
    <Point>
      <coordinates>5.149422749243171,46.25600875411212</coordinates>
    </Point>
  </Placemark>
  <Placemark id="LF0155">
    <name>LF0155 - Ailes De Sergy </name>
    <description>Base ULM Privé Avec Restrictions Autorisation OBLIGATOIRE </description>
    <Point>
      <coordinates>6.023660774035657,46.25961075270392</coordinates>
    </Point>
  </Placemark>
  <Placemark id="LF0157">
    <name>LF0157 - Mionnay</name>
    <description>Base ULM Privé Avec Restrictions Autorisation OBLIGATOIRE </description>
    <Point>
      <coordinates>4.896061420440674,45.90046192366156</coordinates>
    </Point>
  </Placemark>
  <Placemark id="LF0158">
    <name>LF0158 - Rhône Lavours</name>
    <description>HydroSurface privée. Autorisation OBLIGATOIRE </description>
    <Point>
      <coordinates>5.781319903369194,45.81087630653</coordinates>
    </Point>
  </Placemark>
  <Placemark id="LF0159">
    <name>LF0159 - Montrevel en Bresse</name>
    <description>HydroSurface Libre Ouvert aux ULM Autorisation OBLIGATOIRE </description>
    <Point>
      <coordinates>5.142219161987327,46.344989833094</coordinates>
    </Point>
  </Placemark>
  <Placemark id="LF0160">
    <name>LF0160 - Tallissieu</name>
    <description>Aérodrome Privé Ouvert aux ULM</description>
    <Point>
      <coordinates>5.726961498355877,45.871696857606</coordinates>
    </Point>
  </Placemark>
  <Placemark id="LF0161">
    <name>LF0161 - Chaneins</name>
    <description>Base ULM Accès privé</description>
    <Point>
      <coordinates>4.851010575506507,46.10626702580967</coordinates>
    </Point>
  </Placemark>
  <Placemark id="LF0162">
    <name>LF0162 - Gite de l&#039;aviateur</name>
    <description>Base ULM Accès privé</description>
    <Point>
      <coordinates>5.045920082122848,46.401279333494706</coordinates>
    </Point>
  </Placemark>
  <Placemark id="LF0163">
    <name>LF0163 - Malafretaz</name>
    <description>Base ULM Accès privé</description>
    <Point>
      <coordinates>5.14097465332179,46.33392533431736</coordinates>
    </Point>
  </Placemark>
  <Placemark id="LF0164">
    <name>LF0164 - Chamonet</name>
    <description>Aérodrome Privé Ouvert aux ULM</description>
    <Point>
      <coordinates>5.624752,45.797716</coordinates>
    </Point>
  </Placemark>
  <Placemark id="LF0221">
    <name>LF0221 - Azur Ulm</name>
    <description>Base ULM Accès privé</description>
    <Point>
      <coordinates>3.8483798503875732,49.461067531545</coordinates>
    </Point>
  </Placemark>
  <Placemark id="LF0223">
    <name>LF0223 - Mosloy</name>
    <description>Aérodrome privé. Pas de visiteurs.</description>
    <Point>
      <coordinates>3.154456707636668,49.1745369745325</coordinates>
    </Point>
  </Placemark>
  <Placemark id="LF0225">
    <name>LF0225 - Ployart</name>
    <description>Base ULM Accès privé</description>
    <Point>
      <coordinates>3.7380555555555475,49.503888888889</coordinates>
    </Point>
  </Placemark>
  <Placemark id="LF0226">
    <name>LF0226 - Brochot</name>
    <description>Aérodrome Privé Ouvert aux ULM</description>
    <Point>
      <coordinates>3.373195474868794,48.976617705649</coordinates>
    </Point>
  </Placemark>
  <Placemark id="LF0253">
    <name>LF0253 - Neuflieux</name>
    <description>Base ULM Autorisation OBLIGATOIRE </description>
    <Point>
      <coordinates>3.1485486030578613,49.6110714430628</coordinates>
    </Point>
  </Placemark>
  <Placemark id="LF0256">
    <name>LF0256 - Corbeny </name>
    <description>Base ULM Autorisation OBLIGATOIRE </description>
    <Point>
      <coordinates>3.8545103227538675,49.45763852316789</coordinates>
    </Point>
  </Placemark>
  <Placemark id="LF0257">
    <name>LF0257 - Taillefontaine</name>
    <description>Base ULM Autorisation OBLIGATOIRE </description>
    <Point>
      <coordinates>3.066824851867631,49.30868398170359</coordinates>
    </Point>
  </Placemark>
  <Placemark id="LF0258">
    <name>LF0258 - La Flamengrie</name>
    <description>Base ULM Accès privé</description>
    <Point>
      <coordinates>3.944821357727051,50.000250186864</coordinates>
    </Point>
  </Placemark>
  <Placemark id="LF0259">
    <name>LF0259 - Base Ulm du Val de l&#039;Ailette</name>
    <description>Base ULM Accès privé</description>
    <Point>
      <coordinates>3.225278297265504,49.56805674859959</coordinates>
    </Point>
  </Placemark>
  <Placemark id="LF0260">
    <name>LF0260 - Le gros saule</name>
    <description>Base Paramoteurs Privée Ouverte aux ULM sur autorisation</description>
    <Point>
      <coordinates>4.213515624267585,49.883778190207934</coordinates>
    </Point>
  </Placemark>
  <Placemark id="LF0324">
    <name>LF0324 - Veauce</name>
    <description>Base ULM Autorisation OBLIGATOIRE </description>
    <Point>
      <coordinates>3.0588888888888732,46.173333333333</coordinates>
    </Point>
  </Placemark>
  <Placemark id="LF0354">
    <name>LF0354 - Verneuil en Bourbonnais</name>
    <description>Base ULM Autorisation OBLIGATOIRE </description>
    <Point>
      <coordinates>3.268334505293069,46.359903509900356</coordinates>
    </Point>
  </Placemark>
  <Placemark id="LF0355">
    <name>LF0355 - Banelle</name>
    <description>Base ULM Accès privé</description>
    <Point>
      <coordinates>3.2869030343932764,46.125213945438745</coordinates>
    </Point>
  </Placemark>
  <Placemark id="LF0369">
    <name>LF0369 - La Tuilière</name>
    <description>Aérodrome Privé Avec Restrictions Autorisation OBLIGATOIRE </description>
    <Point>
      <coordinates>3.1183697265785213,46.532689906287835</coordinates>
    </Point>
  </Placemark>
  <Placemark id="LF0370">
    <name>LF0370 - Mounier Haut</name>
    <description>Base ULM Accès privé</description>
    <Point>
      <coordinates>3.6685705396864705,46.02721164075071</coordinates>
    </Point>
  </Placemark>
  <Placemark id="LF0371">
    <name>LF0371 - La Bouble</name>
    <description>Base ULM Privé Avec Restrictions Autorisation OBLIGATOIRE </description>
    <Point>
      <coordinates>2.952356433868415,46.21867098118489</coordinates>
    </Point>
  </Placemark>
  <Placemark id="LF0372">
    <name>LF0372 - Montord</name>
    <description>Base ULM Accès privé</description>
    <Point>
      <coordinates>3.248489398043266,46.29377092888096</coordinates>
    </Point>
  </Placemark>
  <Placemark id="LF0373">
    <name>LF0373 - La Maison  Neuve</name>
    <description>Base ULM. Usage strictement privé (pas de visiteurs).</description>
    <Point>
      <coordinates>3.650817205843766,46.38008158500151</coordinates>
    </Point>
  </Placemark>
  <Placemark id="LF0421">
    <name>LF0421 - Clamensane les 3 Fontaines</name>
    <description>AltiSurface temporairement fermée.</description>
    <Point>
      <coordinates>6.071526201036249,44.314318784384</coordinates>
    </Point>
  </Placemark>
  <Placemark id="LF0426">
    <name>LF0426 - Thorame Haute Les Serres</name>
    <description>AltiSurface en service </description>
    <Point>
      <coordinates>6.559999999999945,44.12305555555555</coordinates>
    </Point>
  </Placemark>
  <Placemark id="LF0429">
    <name>LF0429 - Sainte Croix sur Verdon</name>
    <description>Aérodrome Privé Avec Restrictions Autorisation OBLIGATOIRE </description>
    <Point>
      <coordinates>6.159635219573829,43.778675716043</coordinates>
    </Point>
  </Placemark>
  <Placemark id="LF0430">
    <name>LF0430 - Seyne les Alpes</name>
    <description>Aérodrome Privé Ouvert aux ULM</description>
    <Point>
      <coordinates>6.372778,44.341944</coordinates>
    </Point>
  </Placemark>
  <Placemark id="LF0431">
    <name>LF0431 - La Motte du Caire</name>
    <description>Vélisurface</description>
    <Point>
      <coordinates>6.031286,44.322860</coordinates>
    </Point>
  </Placemark>
  <Placemark id="LF0434">
    <name>LF0434 - Thorame Haute Les Serres 2</name>
    <description>AltiSurface en service </description>
    <Point>
      <coordinates>6.538610999999946,44.115</coordinates>
    </Point>
  </Placemark>
  <Placemark id="LF0451">
    <name>LF0451 - Oraison</name>
    <description>Base ULM Privé Avec Restrictions Autorisation OBLIGATOIRE </description>
    <Point>
      <coordinates>5.9041428565979,43.921884419506185</coordinates>
    </Point>
  </Placemark>
  <Placemark id="LF0452">
    <name>LF0452 - Ségriès</name>
    <description>Base ULM accès libre Utilisation EPISODIQUE </description>
    <Point>
      <coordinates>6.178256767211906,43.86777800000001</coordinates>
    </Point>
  </Placemark>
  <Placemark id="LF0453">
    <name>LF0453 - Cruis Mas Des Grailles</name>
    <description>Base ULM Accès privé</description>
    <Point>
      <coordinates>5.853009,44.060283</coordinates>
    </Point>
  </Placemark>
  <Placemark id="LF0456">
    <name>LF0456 - Banon</name>
    <description>AltiSurface en service </description>
    <Point>
      <coordinates>5.639221763610976,44.07228112077565</coordinates>
    </Point>
  </Placemark>
  <Placemark id="LF0458">
    <name>LF0458 - Thorame-Haute Chamatte</name>
    <description>AltiSurface en service </description>
    <Point>
      <coordinates>6.548333,44.139722</coordinates>
    </Point>
  </Placemark>
  <Placemark id="LF0460">
    <name>LF0460 - La Mure Argens</name>
    <description>Base ULM Privé Avec Restrictions Autorisation OBLIGATOIRE </description>
    <Point>
      <coordinates>6.531732177734382,43.983075553631835</coordinates>
    </Point>
  </Placemark>
  <Placemark id="LF0523">
    <name>LF0523 - Glacier Lombard</name>
    <description>AltiSurface en service </description>
    <Point>
      <coordinates>6.322222,45.108333</coordinates>
    </Point>
  </Placemark>
  <Placemark id="LF0524">
    <name>LF0524 - Grand Terrus</name>
    <description>AltiSurface en service </description>
    <Point>
      <coordinates>5.644167,44.422778</coordinates>
    </Point>
  </Placemark>
  <Placemark id="LF0538">
    <name>LF0538 - Saint Etienne en Devoluy</name>
    <description>AltiSurface en service </description>
    <Point>
      <coordinates>5.90482365078401,44.66803430605305</coordinates>
    </Point>
  </Placemark>
  <Placemark id="LF0551">
    <name>LF0551 - Crots</name>
    <description>Base ULM Réglementé Avec Restrictions Autorisation OBLIGATOIRE </description>
    <Point>
      <coordinates>6.43500720962345,44.53657313242666</coordinates>
    </Point>
  </Placemark>
  <Placemark id="LF0553">
    <name>LF0553 - Colombe d&#039;Eyguians</name>
    <description>AltiSurface en service </description>
    <Point>
      <coordinates>5.786721801757835,44.365007359327</coordinates>
    </Point>
  </Placemark>
  <Placemark id="LF0554">
    <name>LF0554 - Les Eyssagnes</name>
    <description>AltiSurface Restreint Ouvert aux ULM Autorisation OBLIGATOIRE</description>
    <Point>
      <coordinates>6.212359673016339,44.660858621713864</coordinates>
    </Point>
  </Placemark>
  <Placemark id="LF0621">
    <name>LF0621 - Isola 2000</name>
    <description>AltiSurface en service </description>
    <Point>
      <coordinates>7.162701948410017,44.17338559521229</coordinates>
    </Point>
  </Placemark>
  <Placemark id="LF0652">
    <name>LF0652 - Cipières Alpes d&#039;Azur ULM</name>
    <description>Base ULM Réglementé Avec Restrictions Autorisation OBLIGATOIRE </description>
    <Point>
      <coordinates>6.862965551559455,43.779102294802</coordinates>
    </Point>
  </Placemark>
  <Placemark id="LF0654">
    <name>LF0654 - Valberg</name>
    <description>AltiSurface en service </description>
    <Point>
      <coordinates>6.939444,44.106944</coordinates>
    </Point>
  </Placemark>
  <Placemark id="LF0655">
    <name>LF0655 - Théoule sur mer hydro</name>
    <description>Base ULM ouverte tous types</description>
    <Point>
      <coordinates>6.940539123123166,43.47835680603149</coordinates>
    </Point>
  </Placemark>
  <Placemark id="LF0723">
    <name>LF0723 - Notre-Dame-des-Neiges-Abbaye</name>
    <description>AltiSurface en service </description>
    <Point>
      <coordinates>3.9267480317382706,44.600669640398</coordinates>
    </Point>
  </Placemark>
  <Placemark id="LF0725">
    <name>LF0725 - Le Bez</name>
    <description>AltiSurface en service </description>
    <Point>
      <coordinates>4.046093753936702,44.63372418472167</coordinates>
    </Point>
  </Placemark>
  <Placemark id="LF0753">
    <name>LF0753 - Deyras Saint Victor</name>
    <description>Base ULM Accès limité Autorisation OBLIGATOIRE </description>
    <Point>
      <coordinates>4.706864452362083,45.093272319456</coordinates>
    </Point>
  </Placemark>
  <Placemark id="LF0754">
    <name>LF0754 - Creysseilles les croix</name>
    <description>Base ULM Accès limité Autorisation OBLIGATOIRE </description>
    <Point>
      <coordinates>4.536102709045409,44.76503863440014</coordinates>
    </Point>
  </Placemark>
  <Placemark id="LF0755">
    <name>LF0755 - Champis 07</name>
    <description>Base Paramoteurs accès limité Autorisation OBLIGATOIRE </description>
    <Point>
      <coordinates>4.761839444327665,44.941131475987255</coordinates>
    </Point>
  </Placemark>
  <Placemark id="LF0851">
    <name>LF0851 - Avaux - Les Bourdons </name>
    <description>Base ULM Autorisation OBLIGATOIRE </description>
    <Point>
      <coordinates>4.0750000000000455,49.480556</coordinates>
    </Point>
  </Placemark>
  <Placemark id="LF0852">
    <name>LF0852 - Les potes adon&#039;fe 08</name>
    <description>Base ULM ouverte tous types</description>
    <Point>
      <coordinates>4.284686912125388,49.63504561239068</coordinates>
    </Point>
  </Placemark>
  <Placemark id="LF0921">
    <name>LF0921 - Aleu</name>
    <description>AltiSurface en service </description>
    <Point>
      <coordinates>1.2752682209014665,42.90035366895571</coordinates>
    </Point>
  </Placemark>
  <Placemark id="LF0922">
    <name>LF0922 - Artigat - Martin Gu&#039;air</name>
    <description>Base ULM Autorisation OBLIGATOIRE </description>
    <Point>
      <coordinates>1.43996000289917,43.146777013176</coordinates>
    </Point>
  </Placemark>
  <Placemark id="LF0924">
    <name>LF0924 - La Plagne Bouirex</name>
    <description>AltiSurface en service </description>
    <Point>
      <coordinates>1.138333,42.866667</coordinates>
    </Point>
  </Placemark>
  <Placemark id="LF0925">
    <name>LF0925 - Villeneuve du Latou</name>
    <description>Aérodrome Privé Ouvert aux ULM</description>
    <Point>
      <coordinates>1.4191460609436035,43.204409420925614</coordinates>
    </Point>
  </Placemark>
  <Placemark id="LF0928">
    <name>LF0928 - Ferme de Bon repos - Régat</name>
    <description>Base ULM ouverte tous types</description>
    <Point>
      <coordinates>1.8935475767211756,42.983909248608</coordinates>
    </Point>
  </Placemark>
  <Placemark id="LF0951">
    <name>LF0951 - Sarrat</name>
    <description>Base ULM Autorisation OBLIGATOIRE </description>
    <Point>
      <coordinates>1.708676322753945,43.20859536023596</coordinates>
    </Point>
  </Placemark>
  <Placemark id="LF0953">
    <name>LF0953 - Ustou</name>
    <description>AltiSurface en service </description>
    <Point>
      <coordinates>1.2258328333334703,42.781388833333</coordinates>
    </Point>
  </Placemark>
  <Placemark id="LF0954">
    <name>LF0954 - Ercé</name>
    <description>Base ULM ouverte tous types</description>
    <Point>
      <coordinates>1.2972222222222172,42.851111111111</coordinates>
    </Point>
  </Placemark>
  <Placemark id="LF1021">
    <name>LF1021 - Montardoise</name>
    <description>Aérodrome Privé Ouvert aux ULM</description>
    <Point>
      <coordinates>4.1977643966674805,48.468027334654145</coordinates>
    </Point>
  </Placemark>
  <Placemark id="LF1022">
    <name>LF1022 - Ville sur Arce</name>
    <description>Aérodrome Privé Ouvert aux ULM</description>
    <Point>
      <coordinates>4.4359163438721225,48.088211340842</coordinates>
    </Point>
  </Placemark>
  <Placemark id="LF1054">
    <name>LF1054 - Viapres le petit</name>
    <description>Base ULM Autorisation OBLIGATOIRE </description>
    <Point>
      <coordinates>4.032653641377819,48.56907711535286</coordinates>
    </Point>
  </Placemark>
  <Placemark id="LF1056">
    <name>LF1056 - Amance</name>
    <description>HydroSurface Restreinte Autorisation OBLIGATOIRE </description>
    <Point>
      <coordinates>4.5049999999999955,48.350833333333</coordinates>
    </Point>
  </Placemark>
  <Placemark id="LF1057">
    <name>LF1057 - Fontarce</name>
    <description>Base ULM Accès privé</description>
    <Point>
      <coordinates>4.599303135656729,48.1298159949366</coordinates>
    </Point>
  </Placemark>
  <Placemark id="LF1058">
    <name>LF1058 - Vaujurennes</name>
    <description>Base ULM Autorisation OBLIGATOIRE </description>
    <Point>
      <coordinates>3.703476451573353,48.189964044825736</coordinates>
    </Point>
  </Placemark>
  <Placemark id="LF1123">
    <name>LF1123 - Baraigne</name>
    <description>Base ULM Accès privé</description>
    <Point>
      <coordinates>1.833643913269043,43.323429352646</coordinates>
    </Point>
  </Placemark>
  <Placemark id="LF1125">
    <name>LF1125 - Nébias</name>
    <description>Base ULM Autorisation OBLIGATOIRE </description>
    <Point>
      <coordinates>2.123718399471727,42.89174527056504</coordinates>
    </Point>
  </Placemark>
  <Placemark id="LF1151">
    <name>LF1151 - Fleury d&#039;Aude</name>
    <description>Base ULM Accès privé</description>
    <Point>
      <coordinates>3.129965,43.213564</coordinates>
    </Point>
  </Placemark>
  <Placemark id="LF1153">
    <name>LF1153 - Limoux</name>
    <description>Base ULM Autorisation OBLIGATOIRE </description>
    <Point>
      <coordinates>2.226425216918983,43.057088147281</coordinates>
    </Point>
  </Placemark>
  <Placemark id="LF1156">
    <name>LF1156 - Ulm Saint Couat</name>
    <description>Base ULM Accès privé</description>
    <Point>
      <coordinates>2.64646053314209,43.211181528418</coordinates>
    </Point>
  </Placemark>
  <Placemark id="LF1158">
    <name>LF1158 - Beaugaillard</name>
    <description>Aérodrome Privé Ouvert aux ULM</description>
    <Point>
      <coordinates>1.951666666666597,43.178611111111</coordinates>
    </Point>
  </Placemark>
  <Placemark id="LF1159">
    <name>LF1159 - Argeliers</name>
    <description>Base ULM Privé Avec Restrictions Autorisation OBLIGATOIRE </description>
    <Point>
      <coordinates>2.8933333333333167,43.308333333333</coordinates>
    </Point>
  </Placemark>
  <Placemark id="LF1160">
    <name>LF1160 - Le Reuilh </name>
    <description>Base ULM Accès privé</description>
    <Point>
      <coordinates>1.9787630965096241,43.19265503019787</coordinates>
    </Point>
  </Placemark>
  <Placemark id="LF1161">
    <name>LF1161 - Puichéric</name>
    <description>Aérodrome Privé Ouvert aux ULM</description>
    <Point>
      <coordinates>2.587453,43.226436</coordinates>
    </Point>
  </Placemark>
  <Placemark id="LF1222">
    <name>LF1222 - La Brousse Golinhac </name>
    <description>Aérodrome fermé.</description>
    <Point>
      <coordinates>2.591360481506399,44.581002244498</coordinates>
    </Point>
  </Placemark>
  <Placemark id="LF1225">
    <name>LF1225 - Graissac le Faula</name>
    <description>Aérodrome privé fermé temporairement</description>
    <Point>
      <coordinates>2.788560074096722,44.770830202424534</coordinates>
    </Point>
  </Placemark>
  <Placemark id="LF1226">
    <name>LF1226 - Thérondels Douzalbats</name>
    <description>Aérodrome Privé Ouvert aux ULM</description>
    <Point>
      <coordinates>2.718152740722644,44.892996521416</coordinates>
    </Point>
  </Placemark>
  <Placemark id="LF1231">
    <name>LF1231 - Villefranche de Panat</name>
    <description>HydroSurface Restreinte Autorisation OBLIGATOIRE </description>
    <Point>
      <coordinates>2.6951764603271613,44.09926473604485</coordinates>
    </Point>
  </Placemark>
  <Placemark id="LF1232">
    <name>LF1232 - Ste Croix</name>
    <description>Base ULM Autorisation OBLIGATOIRE </description>
    <Point>
      <coordinates>1.9433333333333849,44.413888888889</coordinates>
    </Point>
  </Placemark>
  <Placemark id="LF1233">
    <name>LF1233 - Sarrans Cantoin</name>
    <description>Base ULM accès libre Utilisation EPISODIQUE </description>
    <Point>
      <coordinates>2.8432059288024902,44.82610843303149</coordinates>
    </Point>
  </Placemark>
  <Placemark id="LF1251">
    <name>LF1251 - Bozouls</name>
    <description>Base ULM Autorisation OBLIGATOIRE </description>
    <Point>
      <coordinates>2.747279405593872,44.478112739021185</coordinates>
    </Point>
  </Placemark>
  <Placemark id="LF1254">
    <name>LF1254 - Saint Félix de Lunel</name>
    <description>Base ULM Autorisation OBLIGATOIRE </description>
    <Point>
      <coordinates>2.5420103227538675,44.562558342778</coordinates>
    </Point>
  </Placemark>
  <Placemark id="LF1255">
    <name>LF1255 - Barrage de Pareloup</name>
    <description>HydroSurface Restreinte Autorisation OBLIGATOIRE </description>
    <Point>
      <coordinates>2.7440902638753255,44.20675424055389</coordinates>
    </Point>
  </Placemark>
  <Placemark id="LF1257">
    <name>LF1257 - Lac de Maury</name>
    <description>HydroSurface Restreinte Autorisation OBLIGATOIRE </description>
    <Point>
      <coordinates>2.6842343453089557,44.66032952414913</coordinates>
    </Point>
  </Placemark>
  <Placemark id="LF1258">
    <name>LF1258 - Sarrans</name>
    <description>HydroSurface Restreinte Autorisation OBLIGATOIRE </description>
    <Point>
      <coordinates>2.750604535852048,44.84791836135841</coordinates>
    </Point>
  </Placemark>
  <Placemark id="LF1259">
    <name>LF1259 - Conques 12</name>
    <description>Base ULM Accès privé</description>
    <Point>
      <coordinates>2.428071520234414,44.60826621190564</coordinates>
    </Point>
  </Placemark>
  <Placemark id="LF1321">
    <name>LF1321 - Martigues-Henri Fabre</name>
    <description>HydroSurface Restreinte Autorisation OBLIGATOIRE </description>
    <Point>
      <coordinates>5.077777777777783,43.420833333333334</coordinates>
    </Point>
  </Placemark>
  <Placemark id="LF1352">
    <name>LF1352 - Jouques Bèdes</name>
    <description>Base ULM Accès limité Autorisation OBLIGATOIRE </description>
    <Point>
      <coordinates>5.686849,43.661417</coordinates>
    </Point>
  </Placemark>
  <Placemark id="LF1353">
    <name>LF1353 - La Ciotat</name>
    <description>HydroSurface Restreinte Autorisation OBLIGATOIRE </description>
    <Point>
      <coordinates>5.641388888888855,43.173717155752</coordinates>
    </Point>
  </Placemark>
  <Placemark id="LF1356">
    <name>LF1356 - Aix en Provence Paramoteur</name>
    <description>Base Paramoteurs Privée Ouverte aux ULM sur autorisation</description>
    <Point>
      <coordinates>5.41280793458252,43.682206164882246</coordinates>
    </Point>
  </Placemark>
  <Placemark id="LF1422">
    <name>LF1422 - Bonneville la Louvet</name>
    <description>Base ULM Accès privé Utilisation EPISODIQUE </description>
    <Point>
      <coordinates>0.3717219829559326,49.263435841602</coordinates>
    </Point>
  </Placemark>
  <Placemark id="LF1451">
    <name>LF1451 - Courseulles sur Mer</name>
    <description>Base ULM Autorisation OBLIGATOIRE </description>
    <Point>
      <coordinates>-0.4532071534423494,49.314136253969</coordinates>
    </Point>
  </Placemark>
  <Placemark id="LF1452">
    <name>LF1452 - La Boissière</name>
    <description>Aérodrome Privé Avec Restrictions Autorisation OBLIGATOIRE </description>
    <Point>
      <coordinates>0.14250000000004093,49.125</coordinates>
    </Point>
  </Placemark>
  <Placemark id="LF1454">
    <name>LF1454 - Rouvres</name>
    <description>Base ULM Autorisation OBLIGATOIRE </description>
    <Point>
      <coordinates>-0.19828818518067237,49.019909074562</coordinates>
    </Point>
  </Placemark>
  <Placemark id="LF1456">
    <name>LF1456 - Omaha Beach</name>
    <description>Base ULM Accès privé</description>
    <Point>
      <coordinates>-0.842965,49.352987</coordinates>
    </Point>
  </Placemark>
  <Placemark id="LF1552">
    <name>LF1552 - Le Peuch</name>
    <description>Aérodrome Privé Ouvert aux ULM</description>
    <Point>
      <coordinates>3.10656055026584,44.9002447598591</coordinates>
    </Point>
  </Placemark>
  <Placemark id="LF1553">
    <name>LF1553 - Le Bruel</name>
    <description>Base ULM Accès privé</description>
    <Point>
      <coordinates>2.2003555297851562,44.742953649707</coordinates>
    </Point>
  </Placemark>
  <Placemark id="LF1625">
    <name>LF1625 - Pillac</name>
    <description>Base ULM Accès privé</description>
    <Point>
      <coordinates>0.1847076416015625,45.33176941035283</coordinates>
    </Point>
  </Placemark>
  <Placemark id="LF1627">
    <name>LF1627 - Saint Maurice</name>
    <description>Aérodrome Privé Ouvert aux ULM</description>
    <Point>
      <coordinates>0.7396928941650458,45.96672665888322</coordinates>
    </Point>
  </Placemark>
  <Placemark id="LF1628">
    <name>LF1628 - Saint Même Les Carrières</name>
    <description>Règles spécifiques d&#039;accès</description>
    <Point>
      <coordinates>-0.1597738265991211,45.63288603669965</coordinates>
    </Point>
  </Placemark>
  <Placemark id="LF1629">
    <name>LF1629 - Saint Coutant</name>
    <description>Base ULM Autorisation OBLIGATOIRE </description>
    <Point>
      <coordinates>0.433136522769928,46.018963066678</coordinates>
    </Point>
  </Placemark>
  <Placemark id="LF1631">
    <name>LF1631 - Le Luquet</name>
    <description>Base ULM Autorisation OBLIGATOIRE </description>
    <Point>
      <coordinates>0.33116698265075684,45.6432245720101</coordinates>
    </Point>
  </Placemark>
  <Placemark id="LF1651">
    <name>LF1651 - Aignes et Puyperoux</name>
    <description>Base ULM Accès limité Autorisation OBLIGATOIRE </description>
    <Point>
      <coordinates>0.157821,45.461666</coordinates>
    </Point>
  </Placemark>
  <Placemark id="LF1652">
    <name>LF1652 - Brettes</name>
    <description>Base ULM Autorisation OBLIGATOIRE </description>
    <Point>
      <coordinates>0.05255767459107119,46.01124742433</coordinates>
    </Point>
  </Placemark>
  <Placemark id="LF1653">
    <name>LF1653 - Saint Ciers</name>
    <description>Base ULM Autorisation OBLIGATOIRE </description>
    <Point>
      <coordinates>0.26517391204833984,45.85056482435938</coordinates>
    </Point>
  </Placemark>
  <Placemark id="LF1654">
    <name>LF1654 - Champ rose</name>
    <description>Aérodrome Privé Ouvert aux ULM</description>
    <Point>
      <coordinates>0.109808,45.356783</coordinates>
    </Point>
  </Placemark>
  <Placemark id="LF1655">
    <name>LF1655 - CHENOMMET</name>
    <description>Base ULM Autorisation OBLIGATOIRE </description>
    <Point>
      <coordinates>0.2613089179992585,45.9259800896402</coordinates>
    </Point>
  </Placemark>
  <Placemark id="LF1656">
    <name>LF1656 - La Broue</name>
    <description>Base ULM Accès limité Autorisation OBLIGATOIRE </description>
    <Point>
      <coordinates>0.01857965249643989,45.7698802009457</coordinates>
    </Point>
  </Placemark>
  <Placemark id="LF1657">
    <name>LF1657 - Condac</name>
    <description>Base ULM Accès privé</description>
    <Point>
      <coordinates>0.24239271163939424,46.02035336823</coordinates>
    </Point>
  </Placemark>
  <Placemark id="LF1658">
    <name>LF1658 - La Grande Métairie</name>
    <description>Base ULM Autorisation OBLIGATOIRE </description>
    <Point>
      <coordinates>0.32023692383420954,45.887035515214286</coordinates>
    </Point>
  </Placemark>
  <Placemark id="LF1659">
    <name>LF1659 - Boistizon</name>
    <description>Aérodrome Privé Ouvert aux ULM</description>
    <Point>
      <coordinates>0.44119108200071366,45.86837815686386</coordinates>
    </Point>
  </Placemark>
  <Placemark id="LF1660">
    <name>LF1660 - Bossard</name>
    <description>Base ULM Accès privé</description>
    <Point>
      <coordinates>0.42330763558198203,45.58082072897812</coordinates>
    </Point>
  </Placemark>
  <Placemark id="LF1726">
    <name>LF1726 - Jarnac Champagne</name>
    <description>Base ULM Accès privé</description>
    <Point>
      <coordinates>-0.41782379150390625,45.55973719389</coordinates>
    </Point>
  </Placemark>
  <Placemark id="LF1727">
    <name>LF1727 - Nantillé</name>
    <description>Base ULM fermée temporairement </description>
    <Point>
      <coordinates>-0.478333,45.845556</coordinates>
    </Point>
  </Placemark>
  <Placemark id="LF1751">
    <name>LF1751 - Corme Ecluse</name>
    <description>Base ULM Autorisation OBLIGATOIRE </description>
    <Point>
      <coordinates>-0.8512580394744873,45.620760898908</coordinates>
    </Point>
  </Placemark>
  <Placemark id="LF1753">
    <name>LF1753 - Le Thou</name>
    <description>Base ULM Autorisation OBLIGATOIRE </description>
    <Point>
      <coordinates>-0.943086,46.087088</coordinates>
    </Point>
  </Placemark>
  <Placemark id="LF1755">
    <name>LF1755 - Courçon Eol&#039;Aunis</name>
    <description>Base ULM Accès privé</description>
    <Point>
      <coordinates>-0.8308088779449463,46.24822765478579</coordinates>
    </Point>
  </Placemark>
  <Placemark id="LF1756">
    <name>LF1756 - Bourcefranc</name>
    <description>HydroSurface Restreinte Autorisation OBLIGATOIRE </description>
    <Point>
      <coordinates>-1.1312316894531023,45.872040673689</coordinates>
    </Point>
  </Placemark>
  <Placemark id="LF1757">
    <name>LF1757 - Arvert</name>
    <description>Base Paramoteurs Réglementé Avec Restrictions Autorisation OBLIGATOIRE </description>
    <Point>
      <coordinates>-1.097087,45.746624</coordinates>
    </Point>
  </Placemark>
  <Placemark id="LF1759">
    <name>LF1759 - Ferme du Fleuret</name>
    <description>Base ULM Accès privé</description>
    <Point>
      <coordinates>-0.41494887037488715,45.92111111111111</coordinates>
    </Point>
  </Placemark>
  <Placemark id="LF1821">
    <name>LF1821 - Coust Colombiers</name>
    <description>Aérodrome Privé Ouvert aux ULM</description>
    <Point>
      <coordinates>2.574380071428095,46.679139159221</coordinates>
    </Point>
  </Placemark>
  <Placemark id="LF1822">
    <name>LF1822 - Guilly</name>
    <description>Aérodrome Privé Avec Restrictions Autorisation OBLIGATOIRE </description>
    <Point>
      <coordinates>2.5988889999999856,47.148333333333</coordinates>
    </Point>
  </Placemark>
  <Placemark id="LF1826">
    <name>LF1826 - Sury en Vaux</name>
    <description>Base ULM ouverte tous types</description>
    <Point>
      <coordinates>2.783253130929424,47.38083316590249</coordinates>
    </Point>
  </Placemark>
  <Placemark id="LF1852">
    <name>LF1852 - Dun sur Auron</name>
    <description>Base ULM ouverte tous types</description>
    <Point>
      <coordinates>2.503507,46.876183</coordinates>
    </Point>
  </Placemark>
  <Placemark id="LF1853">
    <name>LF1853 - Sainte Thorette</name>
    <description>Base ULM Autorisation OBLIGATOIRE </description>
    <Point>
      <coordinates>2.214796,47.076088</coordinates>
    </Point>
  </Placemark>
  <Placemark id="LF1854">
    <name>LF1854 - Saint Christophe</name>
    <description>Base ULM Autorisation OBLIGATOIRE </description>
    <Point>
      <coordinates>2.4038333333333335,46.58038888888889</coordinates>
    </Point>
  </Placemark>
  <Placemark id="LF1856">
    <name>LF1856 - Jouet sur l&#039;Aubois</name>
    <description>Base ULM Accès privé</description>
    <Point>
      <coordinates>2.9955968484100515,47.04249431670665</coordinates>
    </Point>
  </Placemark>
  <Placemark id="LF1857">
    <name>LF1857 - Apple Airfield</name>
    <description>Base ULM Accès privé</description>
    <Point>
      <coordinates>2.4190575883605803,47.21306563341909</coordinates>
    </Point>
  </Placemark>
  <Placemark id="LF1858">
    <name>LF1858 - Rechignon</name>
    <description>Aérodrome Privé Avec Restrictions Autorisation OBLIGATOIRE </description>
    <Point>
      <coordinates>2.6,47.17527777777778</coordinates>
    </Point>
  </Placemark>
  <Placemark id="LF1923">
    <name>LF1923 - Peyrelevade</name>
    <description>Aérodrome Privé Ouvert aux ULM</description>
    <Point>
      <coordinates>2.0325565338134766,45.707647767609</coordinates>
    </Point>
  </Placemark>
  <Placemark id="LF1926">
    <name>LF1926 - Lagarde Enval</name>
    <description>Aérodrome Privé Ouvert aux ULM</description>
    <Point>
      <coordinates>1.8027827989501555,45.17720321996853</coordinates>
    </Point>
  </Placemark>
  <Placemark id="LF1927">
    <name>LF1927 - Troches-Pompadour</name>
    <description>Base ULM Accès privé</description>
    <Point>
      <coordinates>1.4202296733856201,45.40805436177</coordinates>
    </Point>
  </Placemark>
  <Placemark id="LF1929">
    <name>LF1929 - Saint Cernin de Larche</name>
    <description>Aérodrome fermé.</description>
    <Point>
      <coordinates>1.410670280456543,45.10772670364524</coordinates>
    </Point>
  </Placemark>
  <Placemark id="LF1930">
    <name>LF1930 - Variéras</name>
    <description>Base ULM Accès privé Utilisation EPISODIQUE </description>
    <Point>
      <coordinates>1.9927777777777465,45.610555555556</coordinates>
    </Point>
  </Placemark>
  <Placemark id="LF1951">
    <name>LF1951 - Les Chansèves</name>
    <description>Base ULM Autorisation OBLIGATOIRE </description>
    <Point>
      <coordinates>1.855359,45.090096</coordinates>
    </Point>
  </Placemark>
  <Placemark id="LF1952">
    <name>LF1952 - Lagleygeolle</name>
    <description>Aérodrome Privé Ouvert aux ULM</description>
    <Point>
      <coordinates>1.6733551025390625,45.080172554894</coordinates>
    </Point>
  </Placemark>
  <Placemark id="LF1953">
    <name>LF1953 - Pérols sur Vézère</name>
    <description>AltiSurface en service </description>
    <Point>
      <coordinates>2.0132379457685374,45.587342383981</coordinates>
    </Point>
  </Placemark>
  <Placemark id="LF1954">
    <name>LF1954 - Savignoux</name>
    <description>Base ULM Accès privé</description>
    <Point>
      <coordinates>1.7818073412577178,45.01259457724309</coordinates>
    </Point>
  </Placemark>
  <Placemark id="LF1955">
    <name>LF1955 - Chassancet</name>
    <description>!! Type de terrain mal défini !!</description>
    <Point>
      <coordinates>1.726875,45.157397</coordinates>
    </Point>
  </Placemark>
  <Placemark id="LF2121">
    <name>LF2121 - Auxey Duresses</name>
    <description>Aérodrome Privé Ouvert aux ULM</description>
    <Point>
      <coordinates>4.735131089952233,46.998889443479</coordinates>
    </Point>
  </Placemark>
  <Placemark id="LF2122">
    <name>LF2122 - Chaume et Courchamp</name>
    <description>Aérodrome Privé Ouvert aux ULM</description>
    <Point>
      <coordinates>5.350986103179935,47.574920382643</coordinates>
    </Point>
  </Placemark>
  <Placemark id="LF2123">
    <name>LF2123 - Dampierre et Flée</name>
    <description>Aérodrome Privé Avec Restrictions Autorisation OBLIGATOIRE </description>
    <Point>
      <coordinates>5.358383613769547,47.4773921467244</coordinates>
    </Point>
  </Placemark>
  <Placemark id="LF2132">
    <name>LF2132 - Souhil</name>
    <description>Base ULM Accès privé</description>
    <Point>
      <coordinates>4.768656492233276,47.922614362855136</coordinates>
    </Point>
  </Placemark>
  <Placemark id="LF2134">
    <name>LF2134 - Recey Le Mont de Lucey</name>
    <description>Aérodrome Privé Avec Restrictions Autorisation OBLIGATOIRE </description>
    <Point>
      <coordinates>4.855115936523475,47.79406507426282</coordinates>
    </Point>
  </Placemark>
  <Placemark id="LF2151">
    <name>LF2151 - Saint Jean de Losne</name>
    <description>Base ULM ouverte tous types</description>
    <Point>
      <coordinates>5.266157,47.073582</coordinates>
    </Point>
  </Placemark>
  <Placemark id="LF2162">
    <name>LF2162 - Saint-Romain</name>
    <description>Aérodrome Privé Ouvert aux ULM</description>
    <Point>
      <coordinates>4.699597439236072,47.017018107603</coordinates>
    </Point>
  </Placemark>
  <Placemark id="LF2163">
    <name>LF2163 - Nantoux</name>
    <description>Aérodrome privé fermé définitivement.</description>
    <Point>
      <coordinates>4.757322,47.023912</coordinates>
    </Point>
  </Placemark>
  <Placemark id="LF2164">
    <name>LF2164 - Blanot</name>
    <description>Base ULM Accès privé</description>
    <Point>
      <coordinates>4.233631396823512,47.173886651354</coordinates>
    </Point>
  </Placemark>
  <Placemark id="LF2221">
    <name>LF2221 - Kerfot la Paimpolaise</name>
    <description>Base ULM Autorisation OBLIGATOIRE </description>
    <Point>
      <coordinates>-3.027055,48.723882</coordinates>
    </Point>
  </Placemark>
  <Placemark id="LF2321">
    <name>LF2321 - Évaux</name>
    <description>Aérodrome Privé Ouvert aux ULM</description>
    <Point>
      <coordinates>2.4308086931152957,46.16996160726178</coordinates>
    </Point>
  </Placemark>
  <Placemark id="LF2351">
    <name>LF2351 - Le Pommier</name>
    <description>Base ULM Autorisation OBLIGATOIRE </description>
    <Point>
      <coordinates>1.4527702331542969,46.1967734866317</coordinates>
    </Point>
  </Placemark>
  <Placemark id="LF2353">
    <name>LF2353 - Le Pouyollet Lizières</name>
    <description>Règles spécifiques d&#039;accès</description>
    <Point>
      <coordinates>1.5722465515136719,46.212625390488</coordinates>
    </Point>
  </Placemark>
  <Placemark id="LF2421">
    <name>LF2421 - Augignac</name>
    <description>Aérodrome Privé Ouvert aux ULM</description>
    <Point>
      <coordinates>0.7044553756713867,45.562989777592</coordinates>
    </Point>
  </Placemark>
  <Placemark id="LF2422">
    <name>LF2422 - Beaumont</name>
    <description>Aérodrome Privé Ouvert aux ULM</description>
    <Point>
      <coordinates>0.7246685028076172,44.765985503</coordinates>
    </Point>
  </Placemark>
  <Placemark id="LF2423">
    <name>LF2423 - Condat sur Vézère</name>
    <description>Aérodrome Privé Ouvert aux ULM</description>
    <Point>
      <coordinates>1.2150514125823975,45.103758756295</coordinates>
    </Point>
  </Placemark>
  <Placemark id="LF2426">
    <name>LF2426 - Eyrignac</name>
    <description>Aérodrome Privé Ouvert aux ULM</description>
    <Point>
      <coordinates>1.312077171411147,44.943097580119</coordinates>
    </Point>
  </Placemark>
  <Placemark id="LF2428">
    <name>LF2428 - Javerlhac</name>
    <description>Aérodrome Privé Ouvert aux ULM</description>
    <Point>
      <coordinates>0.5585002899169922,45.553817459108</coordinates>
    </Point>
  </Placemark>
  <Placemark id="LF2431">
    <name>LF2431 - Liorac sur Louyre</name>
    <description>Aérodrome Privé Interdit aux ULM Autorisation OBLIGATOIRE </description>
    <Point>
      <coordinates>0.6455559999999423,44.918889</coordinates>
    </Point>
  </Placemark>
  <Placemark id="LF2432">
    <name>LF2432 - Pressignac Vicq Rebeyrotte</name>
    <description>Aérodrome Privé Ouvert aux ULM</description>
    <Point>
      <coordinates>0.7479822635650635,44.902866769771</coordinates>
    </Point>
  </Placemark>
  <Placemark id="LF2433">
    <name>LF2433 - La Rochebeaucourt Argentine</name>
    <description>Aérodrome Privé Avec Restrictions Autorisation OBLIGATOIRE </description>
    <Point>
      <coordinates>0.38750410079956055,45.46666218842367</coordinates>
    </Point>
  </Placemark>
  <Placemark id="LF2434">
    <name>LF2434 - Saint Crépin Carlucet</name>
    <description>Aérodrome Privé Ouvert aux ULM</description>
    <Point>
      <coordinates>1.2507355213165283,44.966953760047</coordinates>
    </Point>
  </Placemark>
  <Placemark id="LF2436">
    <name>LF2436 - Saint Julien</name>
    <description>Aérodrome Privé Ouvert aux ULM</description>
    <Point>
      <coordinates>0.44623374938964844,44.728625538929</coordinates>
    </Point>
  </Placemark>
  <Placemark id="LF2443">
    <name>LF2443 - Peyrillac</name>
    <description>Aérodrome Privé Ouvert aux ULM</description>
    <Point>
      <coordinates>1.4164316654205322,44.89017456633</coordinates>
    </Point>
  </Placemark>
  <Placemark id="LF2446">
    <name>LF2446 - Sud-Ouest  Aéro-Loisirs</name>
    <description>Base ULM Privé Avec Restrictions Autorisation OBLIGATOIRE </description>
    <Point>
      <coordinates>1.2268118392868246,45.440463783446084</coordinates>
    </Point>
  </Placemark>
  <Placemark id="LF2449">
    <name>LF2449 - Hautefaye</name>
    <description>Base ULM Accès privé</description>
    <Point>
      <coordinates>0.49332261085510254,45.545304869323</coordinates>
    </Point>
  </Placemark>
  <Placemark id="LF2452">
    <name>LF2452 - Sanet Agonac</name>
    <description>Base ULM Autorisation OBLIGATOIRE </description>
    <Point>
      <coordinates>0.7630306931152973,45.252602827063</coordinates>
    </Point>
  </Placemark>
  <Placemark id="LF2453">
    <name>LF2453 - Ferme Milhac- Oie en Périgord</name>
    <description>Base ULM Privé Avec Restrictions Autorisation OBLIGATOIRE </description>
    <Point>
      <coordinates>0.9224224090576172,45.11325410946</coordinates>
    </Point>
  </Placemark>
  <Placemark id="LF2454">
    <name>LF2454 - Terrasson le Bos</name>
    <description>Base ULM Autorisation OBLIGATOIRE </description>
    <Point>
      <coordinates>1.3365554809570312,45.134344193204</coordinates>
    </Point>
  </Placemark>
  <Placemark id="LF2458">
    <name>LF2458 - Piste du Tartou</name>
    <description>Base ULM Autorisation OBLIGATOIRE </description>
    <Point>
      <coordinates>0.5749261379241943,45.650190875743</coordinates>
    </Point>
  </Placemark>
  <Placemark id="LF2461">
    <name>LF2461 - Galinat Tamnies les Eyzies</name>
    <description>Aérodrome fermé.</description>
    <Point>
      <coordinates>1.1420631408691406,44.991815853722</coordinates>
    </Point>
  </Placemark>
  <Placemark id="LF2462">
    <name>LF2462 - Plazac</name>
    <description>Base ULM Autorisation OBLIGATOIRE </description>
    <Point>
      <coordinates>1.0142528306885135,45.02668229098331</coordinates>
    </Point>
  </Placemark>
  <Placemark id="LF2463">
    <name>LF2463 - Thénac</name>
    <description>Base ULM ouverte tous types</description>
    <Point>
      <coordinates>0.3255879878997803,44.7453768833608</coordinates>
    </Point>
  </Placemark>
  <Placemark id="LF2465">
    <name>LF2465 - Le Pas de l&#039;Aze</name>
    <description>Base ULM Accès privé</description>
    <Point>
      <coordinates>0.478109,45.220032</coordinates>
    </Point>
  </Placemark>
  <Placemark id="LF2466">
    <name>LF2466 - Clissac</name>
    <description>Base ULM Accès privé Utilisation EPISODIQUE </description>
    <Point>
      <coordinates>1.2912751197815168,44.9103010876812</coordinates>
    </Point>
  </Placemark>
  <Placemark id="LF2467">
    <name>LF2467 - Malbec</name>
    <description>Base ULM Accès limité Autorisation OBLIGATOIRE </description>
    <Point>
      <coordinates>1.0161111111110586,45.007777777778</coordinates>
    </Point>
  </Placemark>
  <Placemark id="LF2468">
    <name>LF2468 - Mauzens et Miremont</name>
    <description>Base ULM Accès limité Autorisation OBLIGATOIRE </description>
    <Point>
      <coordinates>0.9066368240780909,45.000880019438625</coordinates>
    </Point>
  </Placemark>
  <Placemark id="LF2469">
    <name>LF2469 - Campsegret</name>
    <description>Base ULM Accès privé</description>
    <Point>
      <coordinates>0.5639244079590071,44.96102013887</coordinates>
    </Point>
  </Placemark>
  <Placemark id="LF2470">
    <name>LF2470 - Moncouche</name>
    <description>Base ULM fermée définitivement</description>
    <Point>
      <coordinates>0.6377652548163715,45.095024107685354</coordinates>
    </Point>
  </Placemark>
  <Placemark id="LF2471">
    <name>LF2471 - Tieleman Aviation</name>
    <description>Base ULM ouverte tous types</description>
    <Point>
      <coordinates>0.5141264781655108,45.28834743645236</coordinates>
    </Point>
  </Placemark>
  <Placemark id="LF2521">
    <name>LF2521 - Lanans</name>
    <description>Base ULM ouverte tous types</description>
    <Point>
      <coordinates>6.453164,47.302494</coordinates>
    </Point>
  </Placemark>
  <Placemark id="LF2552">
    <name>LF2552 - Bonnay</name>
    <description>Base ULM Autorisation OBLIGATOIRE </description>
    <Point>
      <coordinates>6.035758852958679,47.33354403370945</coordinates>
    </Point>
  </Placemark>
  <Placemark id="LF2553">
    <name>LF2553 - Fournet Blancheroche</name>
    <description>Base ULM ouverte tous types</description>
    <Point>
      <coordinates>6.8135833740234375,47.177724661456</coordinates>
    </Point>
  </Placemark>
  <Placemark id="LF2554">
    <name>LF2554 - Arc sous Cicon</name>
    <description>Base ULM Accès privé</description>
    <Point>
      <coordinates>6.3889360427856445,47.045826358132</coordinates>
    </Point>
  </Placemark>
  <Placemark id="LF2555">
    <name>LF2555 - Athose</name>
    <description>Base ULM ouverte tous types</description>
    <Point>
      <coordinates>6.289535865951507,47.076741290411</coordinates>
    </Point>
  </Placemark>
  <Placemark id="LF2558">
    <name>LF2558 - Liesle</name>
    <description>Base Paramoteurs Privée Ouverte aux ULM sur autorisation</description>
    <Point>
      <coordinates>5.8257716779272295,47.047708275267766</coordinates>
    </Point>
  </Placemark>
  <Placemark id="LF2621">
    <name>LF2621 - Faucon</name>
    <description>Aérodrome Privé Ouvert aux ULM</description>
    <Point>
      <coordinates>5.308611111111077,44.536944444444</coordinates>
    </Point>
  </Placemark>
  <Placemark id="LF2622">
    <name>LF2622 - Bellegarde en Diois</name>
    <description>Aérodrome fermé.</description>
    <Point>
      <coordinates>5.4384383888855155,44.553601249902584</coordinates>
    </Point>
  </Placemark>
  <Placemark id="LF2623">
    <name>LF2623 - Col de Bacchus</name>
    <description>AltiSurface en service </description>
    <Point>
      <coordinates>5.1691363503418675,44.85330640610763</coordinates>
    </Point>
  </Placemark>
  <Placemark id="LF2624">
    <name>LF2624 - L&#039;Escoulin</name>
    <description>AltiSurface en service </description>
    <Point>
      <coordinates>5.220288505467806,44.81613064489334</coordinates>
    </Point>
  </Placemark>
  <Placemark id="LF2628">
    <name>LF2628 - Etoile Rhône</name>
    <description>Base ULM Accès limité Autorisation OBLIGATOIRE </description>
    <Point>
      <coordinates>4.866098254627658,44.830831039395356</coordinates>
    </Point>
  </Placemark>
  <Placemark id="LF2629">
    <name>LF2629 - Ratières Les Allandaines</name>
    <description>Base ULM Autorisation OBLIGATOIRE </description>
    <Point>
      <coordinates>4.979145526885986,45.166063037494894</coordinates>
    </Point>
  </Placemark>
  <Placemark id="LF2651">
    <name>LF2651 - Base ULM Anthony Delluc</name>
    <description>Base ULM Autorisation OBLIGATOIRE </description>
    <Point>
      <coordinates>5.08392333984375,45.012017847875</coordinates>
    </Point>
  </Placemark>
  <Placemark id="LF2655">
    <name>LF2655 - Saint-Martin</name>
    <description>Base ULM Accès privé</description>
    <Point>
      <coordinates>5.541366259256961,44.588052846558114</coordinates>
    </Point>
  </Placemark>
  <Placemark id="LF2656">
    <name>LF2656 - Aix en Diois</name>
    <description>AltiSurface. Contact préalable impératif.</description>
    <Point>
      <coordinates>5.408618273224355,44.68935810873355</coordinates>
    </Point>
  </Placemark>
  <Placemark id="LF2721">
    <name>LF2721 - Saint Cyr La Campagne</name>
    <description>Aérodrome privé. Pas de visiteurs.</description>
    <Point>
      <coordinates>1.0284742712974548,49.25291767344149</coordinates>
    </Point>
  </Placemark>
  <Placemark id="LF2722">
    <name>LF2722 - Berville sur Mer</name>
    <description>Base ULM Privé Avec Restrictions Autorisation OBLIGATOIRE </description>
    <Point>
      <coordinates>0.3636109999999917,49.435833</coordinates>
    </Point>
  </Placemark>
  <Placemark id="LF2751">
    <name>LF2751 - Les Noyers</name>
    <description>Base ULM Autorisation OBLIGATOIRE </description>
    <Point>
      <coordinates>1.661360263824463,49.259794955262</coordinates>
    </Point>
  </Placemark>
  <Placemark id="LF2752">
    <name>LF2752 - Cesseville Ferme des Moulins</name>
    <description>Aérodrome fermé.</description>
    <Point>
      <coordinates>0.9964688597784743,49.17826894394</coordinates>
    </Point>
  </Placemark>
  <Placemark id="LF2753">
    <name>LF2753 - Val de Reuil</name>
    <description>Aérodrome Privé Ouvert aux ULM</description>
    <Point>
      <coordinates>1.231535,49.281575</coordinates>
    </Point>
  </Placemark>
  <Placemark id="LF2757">
    <name>LF2757 - La Croisille</name>
    <description>Aérodrome privé fermé temporairement</description>
    <Point>
      <coordinates>0.9668206773098031,48.992590297734594</coordinates>
    </Point>
  </Placemark>
  <Placemark id="LF2758">
    <name>LF2758 - Vesly</name>
    <description>Base Paramoteurs Privée Ouverte aux ULM sur autorisation</description>
    <Point>
      <coordinates>1.630809,49.233849</coordinates>
    </Point>
  </Placemark>
  <Placemark id="LF2822">
    <name>LF2822 - Champrond Le Petit Bois Landry</name>
    <description>Aérodrome Privé Ouvert aux ULM</description>
    <Point>
      <coordinates>1.0574984550476074,48.393792233174</coordinates>
    </Point>
  </Placemark>
  <Placemark id="LF2823">
    <name>LF2823 - Loulappe</name>
    <description>Aérodrome Privé Ouvert aux ULM</description>
    <Point>
      <coordinates>1.2744998931884766,48.438397556039</coordinates>
    </Point>
  </Placemark>
  <Placemark id="LF2825">
    <name>LF2825 - Santilly</name>
    <description>Aérodrome Privé Ouvert aux ULM</description>
    <Point>
      <coordinates>1.8533849716186523,48.158843186973</coordinates>
    </Point>
  </Placemark>
  <Placemark id="LF2827">
    <name>LF2827 - Fontaine Simon</name>
    <description>Aérodrome Privé Ouvert aux ULM</description>
    <Point>
      <coordinates>0.9924906243218174,48.50686139546237</coordinates>
    </Point>
  </Placemark>
  <Placemark id="LF2829">
    <name>LF2829 - Voves Viabon</name>
    <description>Aérodrome Privé Ouvert aux ULM</description>
    <Point>
      <coordinates>1.6733336448668998,48.211104568672</coordinates>
    </Point>
  </Placemark>
  <Placemark id="LF2830">
    <name>LF2830 - Ecrosnes</name>
    <description>Base ULM Accès limité Autorisation OBLIGATOIRE </description>
    <Point>
      <coordinates>1.7305183410644531,48.560903050842</coordinates>
    </Point>
  </Placemark>
  <Placemark id="LF2834">
    <name>LF2834 - Les Ailes d&#039;Eure et Loir</name>
    <description>Aérodrome Privé Ouvert aux ULM</description>
    <Point>
      <coordinates>1.5376076507568541,48.59230130713</coordinates>
    </Point>
  </Placemark>
  <Placemark id="LF2851">
    <name>LF2851 - Houville La Branche</name>
    <description>Base ULM Autorisation OBLIGATOIRE </description>
    <Point>
      <coordinates>1.6298604011535645,48.453118036938</coordinates>
    </Point>
  </Placemark>
  <Placemark id="LF2854">
    <name>LF2854 - La Saussaye</name>
    <description>Base ULM Autorisation OBLIGATOIRE </description>
    <Point>
      <coordinates>1.5539002418518066,48.412382540335</coordinates>
    </Point>
  </Placemark>
  <Placemark id="LF2855">
    <name>LF2855 - La maison des pionniers</name>
    <description>Base ULM Accès privé</description>
    <Point>
      <coordinates>1.58378005027771,48.8243063907462</coordinates>
    </Point>
  </Placemark>
  <Placemark id="LF2856">
    <name>LF2856 - Le Buternay</name>
    <description>Aérodrome Privé Avec Restrictions Autorisation OBLIGATOIRE </description>
    <Point>
      <coordinates>0.8419869153442505,48.612024708192</coordinates>
    </Point>
  </Placemark>
  <Placemark id="LF2857">
    <name>LF2857 - Club PPO</name>
    <description>Base Paramoteurs Privée Ouverte aux ULM sur autorisation</description>
    <Point>
      <coordinates>1.540618,48.767420</coordinates>
    </Point>
  </Placemark>
  <Placemark id="LF2859">
    <name>LF2859 - Les Ailes d&#039;Horus</name>
    <description>Base Paramoteurs Privée Ouverte aux ULM sur autorisation</description>
    <Point>
      <coordinates>1.7631769180297852,48.492207895459224</coordinates>
    </Point>
  </Placemark>
  <Placemark id="LF2921">
    <name>LF2921 - Plouarzel</name>
    <description>Base ULM Accès privé</description>
    <Point>
      <coordinates>-4.696958786602636,48.422593929925</coordinates>
    </Point>
  </Placemark>
  <Placemark id="LF2922">
    <name>LF2922 - Poullaouen Le Stancou</name>
    <description>Règles spécifiques d&#039;accès</description>
    <Point>
      <coordinates>-3.663275,48.357204</coordinates>
    </Point>
  </Placemark>
  <Placemark id="LF2923">
    <name>LF2923 - Querlarn Plobannalec Lesconi</name>
    <description>Base ULM Accès privé</description>
    <Point>
      <coordinates>-4.250174548890982,47.818529517923</coordinates>
    </Point>
  </Placemark>
  <Placemark id="LF2925">
    <name>LF2925 - Le Grand Chêne</name>
    <description>Base Paramoteurs Libre Ouvert aux ULM Autorisation OBLIGATOIRE </description>
    <Point>
      <coordinates>-3.7147783915202126,48.340248552172</coordinates>
    </Point>
  </Placemark>
  <Placemark id="LF2B24">
    <name>LF2B24 - domaine Aliso Rossi</name>
    <description>Base ULM Privé Avec Restrictions Autorisation OBLIGATOIRE </description>
    <Point>
      <coordinates>9.288079669836407,42.646845157731</coordinates>
    </Point>
  </Placemark>
  <Placemark id="LF2B25">
    <name>LF2B25 - Aléria Padulone</name>
    <description>Base Paramoteurs Libre Ouvert aux ULM Autorisation OBLIGATOIRE </description>
    <Point>
      <coordinates>9.542508515665077,42.107919494722346</coordinates>
    </Point>
  </Placemark>
  <Placemark id="LF2B26">
    <name>LF2B26 - Vaitella Galeria</name>
    <description>Base ULM Privé Avec Restrictions Autorisation OBLIGATOIRE </description>
    <Point>
      <coordinates>8.707657132024906,42.416046308349074</coordinates>
    </Point>
  </Placemark>
  <Placemark id="LF2B27">
    <name>LF2B27 - Tallone</name>
    <description>Base ULM Privé Avec Restrictions Autorisation OBLIGATOIRE </description>
    <Point>
      <coordinates>9.52287267436524,42.165424505145</coordinates>
    </Point>
  </Placemark>
  <Placemark id="LF3023">
    <name>LF3023 - Tornac</name>
    <description>Aérodrome Privé Interdit aux ULM Autorisation OBLIGATOIRE </description>
    <Point>
      <coordinates>3.963354791005486,44.01223765913276</coordinates>
    </Point>
  </Placemark>
  <Placemark id="LF3025">
    <name>LF3025 - Remoulins</name>
    <description>Base ULM Privé Avec Restrictions Autorisation OBLIGATOIRE </description>
    <Point>
      <coordinates>4.588417992061964,43.94720707947503</coordinates>
    </Point>
  </Placemark>
  <Placemark id="LF3052">
    <name>LF3052 - Saint Victor</name>
    <description>Base ULM Accès privé</description>
    <Point>
      <coordinates>4.473517,44.035344</coordinates>
    </Point>
  </Placemark>
  <Placemark id="LF3053">
    <name>LF3053 - Le Grand Plantier</name>
    <description>Base ULM Privé Avec Restrictions Autorisation OBLIGATOIRE </description>
    <Point>
      <coordinates>4.126095090666809,43.82281290442603</coordinates>
    </Point>
  </Placemark>
  <Placemark id="LF3054">
    <name>LF3054 - Rouveirolle</name>
    <description>Base ULM Accès privé</description>
    <Point>
      <coordinates>4.238063813837243,43.93944801533052</coordinates>
    </Point>
  </Placemark>
  <Placemark id="LF3055">
    <name>LF3055 - Vers-Pont-du-Gard</name>
    <description>Base Paramoteurs Réglementé Avec Restrictions Autorisation OBLIGATOIRE </description>
    <Point>
      <coordinates>4.509776,43.959289</coordinates>
    </Point>
  </Placemark>
  <Placemark id="LF3056">
    <name>LF3056 - Gallargues</name>
    <description>Base Paramoteurs Réglementé Avec Restrictions Autorisation OBLIGATOIRE </description>
    <Point>
      <coordinates>4.155824,43.718957</coordinates>
    </Point>
  </Placemark>
  <Placemark id="LF3126">
    <name>LF3126 - Sabonnères</name>
    <description>Aérodrome Privé Ouvert aux ULM</description>
    <Point>
      <coordinates>1.074607,43.455754</coordinates>
    </Point>
  </Placemark>
  <Placemark id="LF3128">
    <name>LF3128 - Bois de la Pierre</name>
    <description>Aérodrome Privé Ouvert aux ULM</description>
    <Point>
      <coordinates>1.1436617374420166,43.341815491391</coordinates>
    </Point>
  </Placemark>
  <Placemark id="LF3129">
    <name>LF3129 - Pene de Soulit</name>
    <description>AltiSurface en service </description>
    <Point>
      <coordinates>0.4624946355819475,42.792937427765345</coordinates>
    </Point>
  </Placemark>
  <Placemark id="LF3130">
    <name>LF3130 - Uls</name>
    <description>AltiSurface en service </description>
    <Point>
      <coordinates>0.848889,42.851944</coordinates>
    </Point>
  </Placemark>
  <Placemark id="LF3131">
    <name>LF3131 - Cap de Barres</name>
    <description>AltiSurface en service </description>
    <Point>
      <coordinates>0.5160075608520174,42.864219866977095</coordinates>
    </Point>
  </Placemark>
  <Placemark id="LF3132">
    <name>LF3132 - Cap de Pouy</name>
    <description>AltiSurface en service </description>
    <Point>
      <coordinates>0.5449999999999591,42.784722</coordinates>
    </Point>
  </Placemark>
  <Placemark id="LF3133">
    <name>LF3133 - Honteyde</name>
    <description>AltiSurface en service </description>
    <Point>
      <coordinates>0.502763806220969,42.83621890727138</coordinates>
    </Point>
  </Placemark>
  <Placemark id="LF3134">
    <name>LF3134 - L&#039;Isle en Dodon</name>
    <description>Aérodrome privé fermé temporairement</description>
    <Point>
      <coordinates>0.851590633392334,43.380770081647</coordinates>
    </Point>
  </Placemark>
  <Placemark id="LF3135">
    <name>LF3135 - Saint Félix Lauragais</name>
    <description>Aérodrome Privé Interdit aux ULM Autorisation OBLIGATOIRE </description>
    <Point>
      <coordinates>1.90884714550441,43.438489140469</coordinates>
    </Point>
  </Placemark>
  <Placemark id="LF3136">
    <name>LF3136 - Gardouch</name>
    <description>Base ULM Autorisation OBLIGATOIRE </description>
    <Point>
      <coordinates>1.6861411576378726,43.401655044195</coordinates>
    </Point>
  </Placemark>
  <Placemark id="LF3137">
    <name>LF3137 - Cier de Riviere</name>
    <description>Aérodrome Privé Ouvert aux ULM</description>
    <Point>
      <coordinates>0.6285469893798563,43.067858372758</coordinates>
    </Point>
  </Placemark>
  <Placemark id="LF3138">
    <name>LF3138 - Bacanères</name>
    <description>AltiSurface en service </description>
    <Point>
      <coordinates>0.6586401441362568,42.838057981119</coordinates>
    </Point>
  </Placemark>
  <Placemark id="LF3140">
    <name>LF3140 - Villematier</name>
    <description>Base ULM Autorisation OBLIGATOIRE </description>
    <Point>
      <coordinates>1.4897735635070148,43.82717363233812</coordinates>
    </Point>
  </Placemark>
  <Placemark id="LF3151">
    <name>LF3151 - Le Fousseret</name>
    <description>Base ULM ouverte tous types</description>
    <Point>
      <coordinates>1.0535619735717416,43.268924490676945</coordinates>
    </Point>
  </Placemark>
  <Placemark id="LF3153">
    <name>LF3153 - Balesta Nature</name>
    <description>AltiSurface temporairement fermée.</description>
    <Point>
      <coordinates>0.994999050262436,43.15324317242788</coordinates>
    </Point>
  </Placemark>
  <Placemark id="LF3154">
    <name>LF3154 - Labastide St Sernin </name>
    <description>EPISODIQUE</description>
    <Point>
      <coordinates>1.4595390079345716,43.73407806640123</coordinates>
    </Point>
  </Placemark>
  <Placemark id="LF3155">
    <name>LF3155 - Marmouzet</name>
    <description>Aérodrome Privé Ouvert aux ULM</description>
    <Point>
      <coordinates>1.231667,43.245422</coordinates>
    </Point>
  </Placemark>
  <Placemark id="LF3156">
    <name>LF3156 - La Lande de Balesta</name>
    <description>Base ULM ouverte tous types</description>
    <Point>
      <coordinates>0.547460,43.201211</coordinates>
    </Point>
  </Placemark>
  <Placemark id="LF3157">
    <name>LF3157 - Le Burgaud</name>
    <description>Base ULM Autorisation OBLIGATOIRE </description>
    <Point>
      <coordinates>1.1407066345215071,43.81483783414053</coordinates>
    </Point>
  </Placemark>
  <Placemark id="LF3158">
    <name>LF3158 - Gibel</name>
    <description>Base ULM ouverte tous types</description>
    <Point>
      <coordinates>1.7024945449828692,43.30127626838529</coordinates>
    </Point>
  </Placemark>
  <Placemark id="LF3159">
    <name>LF3159 - Molas</name>
    <description>Aérodrome Privé Ouvert aux ULM</description>
    <Point>
      <coordinates>0.753696,43.416727</coordinates>
    </Point>
  </Placemark>
  <Placemark id="LF3160">
    <name>LF3160 - Carbonne</name>
    <description>Hydrosurface fermée.</description>
    <Point>
      <coordinates>1.1921106084187159,43.27918767943</coordinates>
    </Point>
  </Placemark>
  <Placemark id="LF3161">
    <name>LF3161 - Saint Féréol</name>
    <description>HydroSurface Réglementé Ouvert aux ULM  Utilisation EPISODIQUE </description>
    <Point>
      <coordinates>2.02555555555557,43.436944444444</coordinates>
    </Point>
  </Placemark>
  <Placemark id="LF3163">
    <name>LF3163 - Girosp</name>
    <description>AltiSurface. Contact préalable impératif.</description>
    <Point>
      <coordinates>0.779166666666697,43.021666666667</coordinates>
    </Point>
  </Placemark>
  <Placemark id="LF3164">
    <name>LF3164 - Jourdan</name>
    <description>Base ULM Accès privé</description>
    <Point>
      <coordinates>1.1522991909402158,43.43545587438496</coordinates>
    </Point>
  </Placemark>
  <Placemark id="LF3165">
    <name>LF3165 - La Grand Borde</name>
    <description>Base ULM Privé Avec Restrictions Autorisation OBLIGATOIRE </description>
    <Point>
      <coordinates>1.5697222222222222,43.44416666666667</coordinates>
    </Point>
  </Placemark>
  <Placemark id="LF3177">
    <name>LF3177 - Toulouse Nord Fronton</name>
    <description>Aérodrome privé fermé temporairement</description>
    <Point>
      <coordinates>1.4166707885384788,43.86772669536631</coordinates>
    </Point>
  </Placemark>
  <Placemark id="LF3178">
    <name>LF3178 - Clos-Mignon</name>
    <description>Aérodrome Privé Ouvert aux ULM</description>
    <Point>
      <coordinates>1.4485756374038772,43.796204967115386</coordinates>
    </Point>
  </Placemark>
  <Placemark id="LF3179">
    <name>LF3179 - FRANQUEVIELLE</name>
    <description>Base Paramoteurs Privée Ouverte aux ULM sur autorisation</description>
    <Point>
      <coordinates>0.506554,43.132981</coordinates>
    </Point>
  </Placemark>
  <Placemark id="LF3221">
    <name>LF3221 - Bretagne d&#039;Armagnac</name>
    <description>Aérodrome Privé Ouvert aux ULM</description>
    <Point>
      <coordinates>0.145569,43.892357</coordinates>
    </Point>
  </Placemark>
  <Placemark id="LF3225">
    <name>LF3225 - Biran</name>
    <description>Base ULM Privé Avec Restrictions Autorisation OBLIGATOIRE </description>
    <Point>
      <coordinates>0.4085721150665904,43.67758267264</coordinates>
    </Point>
  </Placemark>
  <Placemark id="LF3226">
    <name>LF3226 - Berdoues</name>
    <description>Aérodrome Privé Ouvert aux ULM</description>
    <Point>
      <coordinates>0.3892022169188749,43.470664779481</coordinates>
    </Point>
  </Placemark>
  <Placemark id="LF3227">
    <name>LF3227 - Manent Montane</name>
    <description>Aérodrome Privé Ouvert aux ULM</description>
    <Point>
      <coordinates>0.6108784675598145,43.347004120017</coordinates>
    </Point>
  </Placemark>
  <Placemark id="LF3229">
    <name>LF3229 - La Boulouze</name>
    <description>Base ULM Privé Avec Restrictions Autorisation OBLIGATOIRE </description>
    <Point>
      <coordinates>1.0187709828032893,43.499097234283916</coordinates>
    </Point>
  </Placemark>
  <Placemark id="LF3230">
    <name>LF3230 - Saint Elix Theux</name>
    <description>Base ULM ouverte tous types</description>
    <Point>
      <coordinates>0.4541999101638794,43.437355491109</coordinates>
    </Point>
  </Placemark>
  <Placemark id="LF3231">
    <name>LF3231 - Isle de Noé</name>
    <description>Base ULM Autorisation OBLIGATOIRE </description>
    <Point>
      <coordinates>0.3950768201293613,43.592457515357</coordinates>
    </Point>
  </Placemark>
  <Placemark id="LF3232">
    <name>LF3232 - Idrac Respaillès</name>
    <description>Aérodrome Privé Ouvert aux ULM</description>
    <Point>
      <coordinates>0.435140,43.511911</coordinates>
    </Point>
  </Placemark>
  <Placemark id="LF3233">
    <name>LF3233 - Lectoure Marsolan</name>
    <description>Base ULM Autorisation OBLIGATOIRE </description>
    <Point>
      <coordinates>0.5214824788513397,43.95524256542983</coordinates>
    </Point>
  </Placemark>
  <Placemark id="LF3238">
    <name>LF3238 - Simorre le Puntous</name>
    <description>Aérodrome Privé Ouvert aux ULM</description>
    <Point>
      <coordinates>0.746926957008327,43.439385126874</coordinates>
    </Point>
  </Placemark>
  <Placemark id="LF3251">
    <name>LF3251 - Maupas</name>
    <description>Base ULM ouverte tous types</description>
    <Point>
      <coordinates>-0.12372493743896484,43.830533236451</coordinates>
    </Point>
  </Placemark>
  <Placemark id="LF3254">
    <name>LF3254 - Saint Clar</name>
    <description>Base ULM Autorisation OBLIGATOIRE </description>
    <Point>
      <coordinates>0.7472436798943818,43.912314502473905</coordinates>
    </Point>
  </Placemark>
  <Placemark id="LF3255">
    <name>LF3255 - Brugnens</name>
    <description>Base ULM Autorisation OBLIGATOIRE </description>
    <Point>
      <coordinates>0.7311487197875977,43.833644510236</coordinates>
    </Point>
  </Placemark>
  <Placemark id="LF3256">
    <name>LF3256 - Goux</name>
    <description>Règles spécifiques d&#039;accès</description>
    <Point>
      <coordinates>-0.017943286895729216,43.60592716490271</coordinates>
    </Point>
  </Placemark>
  <Placemark id="LF3257">
    <name>LF3257 - Montréal du Gers</name>
    <description>Base ULM Accès privé</description>
    <Point>
      <coordinates>0.19190303439336276,43.943580200961</coordinates>
    </Point>
  </Placemark>
  <Placemark id="LF3259">
    <name>LF3259 - Gelard</name>
    <description>Aérodrome Privé Ouvert aux ULM</description>
    <Point>
      <coordinates>0.1952219009399414,43.502775806472</coordinates>
    </Point>
  </Placemark>
  <Placemark id="LF3260">
    <name>LF3260 - En Lébé</name>
    <description>Aérodrome Privé Ouvert aux ULM</description>
    <Point>
      <coordinates>0.9163888888888323,43.668333333333</coordinates>
    </Point>
  </Placemark>
  <Placemark id="LF3261">
    <name>LF3261 - Chélan</name>
    <description>Aérodrome Privé Avec Restrictions Autorisation OBLIGATOIRE </description>
    <Point>
      <coordinates>0.5315153757730968,43.341573032975</coordinates>
    </Point>
  </Placemark>
  <Placemark id="LF3264">
    <name>LF3264 - Bassoues</name>
    <description>Aérodrome Privé Ouvert aux ULM</description>
    <Point>
      <coordinates>0.26955407672460296,43.578319815024955</coordinates>
    </Point>
  </Placemark>
  <Placemark id="LF3265">
    <name>LF3265 - Mauvezin</name>
    <description>Aérodrome Privé Avec Restrictions Autorisation OBLIGATOIRE </description>
    <Point>
      <coordinates>0.8645004325442285,43.73687467807063</coordinates>
    </Point>
  </Placemark>
  <Placemark id="LF3266">
    <name>LF3266 - Nauxion</name>
    <description>Base ULM ouverte tous types</description>
    <Point>
      <coordinates>0.4735846086807669,43.737171178204</coordinates>
    </Point>
  </Placemark>
  <Placemark id="LF3267">
    <name>LF3267 - Arrouède</name>
    <description>Aérodrome privé fermé temporairement</description>
    <Point>
      <coordinates>0.5803883412151478,43.35466526224207</coordinates>
    </Point>
  </Placemark>
  <Placemark id="LF3268">
    <name>LF3268 - Gondrin</name>
    <description>Base ULM Privé Avec Restrictions Autorisation OBLIGATOIRE </description>
    <Point>
      <coordinates>0.2487970352173079,43.906877821802</coordinates>
    </Point>
  </Placemark>
  <Placemark id="LF3269">
    <name>LF3269 - BASE ULM VIELLA</name>
    <description>Base ULM Autorisation OBLIGATOIRE </description>
    <Point>
      <coordinates>-0.118998,43.611326</coordinates>
    </Point>
  </Placemark>
  <Placemark id="LF3270">
    <name>LF3270 - Monferran Saves </name>
    <description>Aérodrome Privé Ouvert aux ULM</description>
    <Point>
      <coordinates>0.9677152380432972,43.60196244627452</coordinates>
    </Point>
  </Placemark>
  <Placemark id="LF3271">
    <name>LF3271 - le tustet</name>
    <description>Base ULM Autorisation OBLIGATOIRE </description>
    <Point>
      <coordinates>0.6074227919027475,43.80672142097459</coordinates>
    </Point>
  </Placemark>
  <Placemark id="LF3272">
    <name>LF3272 - Portalier</name>
    <description>Base ULM Accès privé</description>
    <Point>
      <coordinates>1.1187677453859557,43.63242754236059</coordinates>
    </Point>
  </Placemark>
  <Placemark id="LF3321">
    <name>LF3321 - Bazas Cazats</name>
    <description>Aérodrome Privé Ouvert aux ULM</description>
    <Point>
      <coordinates>-0.18777777777779647,44.462777777778</coordinates>
    </Point>
  </Placemark>
  <Placemark id="LF3322">
    <name>LF3322 - Saint Pierre</name>
    <description>Aérodrome Privé Ouvert aux ULM</description>
    <Point>
      <coordinates>-0.21971435183718313,44.667292969249</coordinates>
    </Point>
  </Placemark>
  <Placemark id="LF3324">
    <name>LF3324 - Cabanac et Villagrains</name>
    <description>Base ULM ouverte tous types</description>
    <Point>
      <coordinates>-0.5765247344970703,44.614239441640365</coordinates>
    </Point>
  </Placemark>
  <Placemark id="LF3327">
    <name>LF3327 - Sainte Hélène</name>
    <description>Aérodrome Privé Interdit aux ULM</description>
    <Point>
      <coordinates>-0.9077613412780465,44.983904177129304</coordinates>
    </Point>
  </Placemark>
  <Placemark id="LF3328">
    <name>LF3328 - Le Barp</name>
    <description>Base paramoteurs fermée définitivement.</description>
    <Point>
      <coordinates>-0.6694467757223044,44.609312435892114</coordinates>
    </Point>
  </Placemark>
  <Placemark id="LF3351">
    <name>LF3351 - Campin</name>
    <description>Base ULM Accès privé</description>
    <Point>
      <coordinates>-0.02196192741394043,44.436430503463</coordinates>
    </Point>
  </Placemark>
  <Placemark id="LF3352">
    <name>LF3352 - Arbis</name>
    <description>Base ULM Autorisation OBLIGATOIRE </description>
    <Point>
      <coordinates>-0.2571594715118408,44.68066152933</coordinates>
    </Point>
  </Placemark>
  <Placemark id="LF3354">
    <name>LF3354 - Cestas</name>
    <description>Base ULM Accès privé</description>
    <Point>
      <coordinates>-0.785244,44.702032</coordinates>
    </Point>
  </Placemark>
  <Placemark id="LF3355">
    <name>LF3355 - ulm air estuaire</name>
    <description>Base ULM Autorisation OBLIGATOIRE </description>
    <Point>
      <coordinates>-0.49833300000000236,45.015</coordinates>
    </Point>
  </Placemark>
  <Placemark id="LF3356">
    <name>LF3356 - Saint Estèphe</name>
    <description>Base ULM Autorisation OBLIGATOIRE </description>
    <Point>
      <coordinates>-0.7522201538085938,45.23620037398955</coordinates>
    </Point>
  </Placemark>
  <Placemark id="LF3357">
    <name>LF3357 - Château Vénus</name>
    <description>Base ULM Accès limité Autorisation OBLIGATOIRE </description>
    <Point>
      <coordinates>-0.376951599121087,44.629224678742176</coordinates>
    </Point>
  </Placemark>
  <Placemark id="LF3358">
    <name>LF3358 - Saint Aignan </name>
    <description>Base ULM Privé Avec Restrictions Autorisation OBLIGATOIRE </description>
    <Point>
      <coordinates>-0.045233825808030925,44.59699460822255</coordinates>
    </Point>
  </Placemark>
  <Placemark id="LF3422">
    <name>LF3422 - Limbardier</name>
    <description>Aérodrome Privé Ouvert aux ULM</description>
    <Point>
      <coordinates>3.186048354498894,43.32563040725166</coordinates>
    </Point>
  </Placemark>
  <Placemark id="LF3423">
    <name>LF3423 - Puisserguier</name>
    <description>Base ULM Autorisation OBLIGATOIRE </description>
    <Point>
      <coordinates>3.033672407014394,43.39890737263361</coordinates>
    </Point>
  </Placemark>
  <Placemark id="LF3424">
    <name>LF3424 - Sauvian</name>
    <description>Base ULM Autorisation OBLIGATOIRE </description>
    <Point>
      <coordinates>3.2498045370314177,43.27234720962908</coordinates>
    </Point>
  </Placemark>
  <Placemark id="LF3425">
    <name>LF3425 - Mas Nouguier </name>
    <description>Aérodrome Privé Ouvert aux ULM</description>
    <Point>
      <coordinates>3.285266160964966,43.605838948497</coordinates>
    </Point>
  </Placemark>
  <Placemark id="LF3461">
    <name>LF3461 - Pignan</name>
    <description>Base ULM Autorisation OBLIGATOIRE </description>
    <Point>
      <coordinates>3.75058650970459,43.568195269666</coordinates>
    </Point>
  </Placemark>
  <Placemark id="LF3462">
    <name>LF3462 - Saint Drézéry</name>
    <description>Base ULM Privé Avec Restrictions Autorisation OBLIGATOIRE </description>
    <Point>
      <coordinates>3.960267,43.736887</coordinates>
    </Point>
  </Placemark>
  <Placemark id="LF3466">
    <name>LF3466 - ULM LECROS</name>
    <description>Base ULM ouverte tous types</description>
    <Point>
      <coordinates>3.3465170860290527,43.879629091141</coordinates>
    </Point>
  </Placemark>
  <Placemark id="LF3468">
    <name>LF3468 - Campagne</name>
    <description>Base ULM. Usage strictement privé (pas de visiteurs).</description>
    <Point>
      <coordinates>4.036539,43.792737</coordinates>
    </Point>
  </Placemark>
  <Placemark id="LF3469">
    <name>LF3469 - Sète ULM</name>
    <description>Base ULM Accès privé</description>
    <Point>
      <coordinates>3.6553430489940153,43.400547858161566</coordinates>
    </Point>
  </Placemark>
  <Placemark id="LF3470">
    <name>LF3470 - Plaine de Lacan</name>
    <description>Base ULM Accès privé</description>
    <Point>
      <coordinates>3.9177977010939014,43.84774928128027</coordinates>
    </Point>
  </Placemark>
  <Placemark id="LF3471">
    <name>LF3471 - Agde hydro</name>
    <description>Base ULM ouverte tous types</description>
    <Point>
      <coordinates>3.4334191640218004,43.28432832935488</coordinates>
    </Point>
  </Placemark>
  <Placemark id="LF3531">
    <name>LF3531 - Moulins le Haut Bois</name>
    <description>Base ULM Autorisation OBLIGATOIRE </description>
    <Point>
      <coordinates>-1.3521819841308798,48.001546680787165</coordinates>
    </Point>
  </Placemark>
  <Placemark id="LF3551">
    <name>LF3551 - Landéan (Fougères)</name>
    <description>Base ULM Autorisation OBLIGATOIRE </description>
    <Point>
      <coordinates>-1.1599317777710212,48.428219009992</coordinates>
    </Point>
  </Placemark>
  <Placemark id="LF3552">
    <name>LF3552 - Amanlis Janzé</name>
    <description>Base ULM Autorisation OBLIGATOIRE </description>
    <Point>
      <coordinates>-1.4913243055343628,47.9931473590222</coordinates>
    </Point>
  </Placemark>
  <Placemark id="LF3553">
    <name>LF3553 - Mont Saint Michel</name>
    <description>Base ULM Autorisation OBLIGATOIRE </description>
    <Point>
      <coordinates>-1.5515978280334366,48.6044323486483</coordinates>
    </Point>
  </Placemark>
  <Placemark id="LF3555">
    <name>LF3555 - La Dominelais</name>
    <description>!! Type de terrain mal défini !!</description>
    <Point>
      <coordinates>-1.649444,47.750000</coordinates>
    </Point>
  </Placemark>
  <Placemark id="LF3557">
    <name>LF3557 - La Baillée sous Champ Fleu</name>
    <description>Base ULM Accès privé</description>
    <Point>
      <coordinates>-1.4964508757811927,48.18738816410782</coordinates>
    </Point>
  </Placemark>
  <Placemark id="LF3558">
    <name>LF3558 - Queneleuc</name>
    <description>Base ULM Accès privé</description>
    <Point>
      <coordinates>-2.0764961716876273,48.09829494435954</coordinates>
    </Point>
  </Placemark>
  <Placemark id="LF3559">
    <name>LF3559 - La Cudelais</name>
    <description>Base ULM Autorisation OBLIGATOIRE </description>
    <Point>
      <coordinates>-1.5223565634765919,48.414926540012</coordinates>
    </Point>
  </Placemark>
  <Placemark id="LF3560">
    <name>LF3560 - Neuville </name>
    <description>Base ULM Accès privé</description>
    <Point>
      <coordinates>-1.5813004161626623,48.3103576712776</coordinates>
    </Point>
  </Placemark>
  <Placemark id="LF3561">
    <name>LF3561 - Le Haut des Places </name>
    <description>Base ULM Accès privé</description>
    <Point>
      <coordinates>-1.5912165903871367,48.47406937447507</coordinates>
    </Point>
  </Placemark>
  <Placemark id="LF3563">
    <name>LF3563 - Pléchatel Faroulais</name>
    <description>Base ULM Accès privé</description>
    <Point>
      <coordinates>-1.7405555555555554,47.873333333333335</coordinates>
    </Point>
  </Placemark>
  <Placemark id="LF3622">
    <name>LF3622 - Saint Benoit du Sault</name>
    <description>Aérodrome privé fermé temporairement</description>
    <Point>
      <coordinates>1.4043562698363985,46.4535695300358</coordinates>
    </Point>
  </Placemark>
  <Placemark id="LF3624">
    <name>LF3624 - Grange Dieu Levroux</name>
    <description>Aérodrome Privé Ouvert aux ULM</description>
    <Point>
      <coordinates>1.660309,46.959929</coordinates>
    </Point>
  </Placemark>
  <Placemark id="LF3625">
    <name>LF3625 - Vicq sur Nahon</name>
    <description>Aérodrome Privé Ouvert aux ULM</description>
    <Point>
      <coordinates>1.5635347366333,47.110764912519016</coordinates>
    </Point>
  </Placemark>
  <Placemark id="LF3628">
    <name>LF3628 - Prissac</name>
    <description>Règles spécifiques d&#039;accès</description>
    <Point>
      <coordinates>1.312008554214458,46.519404442445</coordinates>
    </Point>
  </Placemark>
  <Placemark id="LF3651">
    <name>LF3651 - Reuilly</name>
    <description>Base ULM Autorisation OBLIGATOIRE </description>
    <Point>
      <coordinates>2.025550603866577,47.075616735458354</coordinates>
    </Point>
  </Placemark>
  <Placemark id="LF3652">
    <name>LF3652 - Villentrois Les Mardelles</name>
    <description>Base ULM Autorisation OBLIGATOIRE </description>
    <Point>
      <coordinates>1.444317203704827,47.16993997686799</coordinates>
    </Point>
  </Placemark>
  <Placemark id="LF3653">
    <name>LF3653 - Cléré du Bois</name>
    <description>Base ULM Accès privé</description>
    <Point>
      <coordinates>1.109138888888889,46.91416666666667</coordinates>
    </Point>
  </Placemark>
  <Placemark id="LF3721">
    <name>LF3721 - Neuvy le Roi </name>
    <description>Base ULM Autorisation OBLIGATOIRE </description>
    <Point>
      <coordinates>0.6287330476074127,47.586802673783</coordinates>
    </Point>
  </Placemark>
  <Placemark id="LF3724">
    <name>LF3724 - Orbigny Les Pallis</name>
    <description>Aérodrome Privé Ouvert aux ULM</description>
    <Point>
      <coordinates>1.2854946984184608,47.221517847506966</coordinates>
    </Point>
  </Placemark>
  <Placemark id="LF3730">
    <name>LF3730 - Jacopeau</name>
    <description>Base ULM Autorisation OBLIGATOIRE </description>
    <Point>
      <coordinates>0.3235816955566406,47.418333333333</coordinates>
    </Point>
  </Placemark>
  <Placemark id="LF3732">
    <name>LF3732 - La Palenderie</name>
    <description>Base Paramoteurs Libre Ouvert aux ULM Autorisation OBLIGATOIRE </description>
    <Point>
      <coordinates>0.6268300132140894,47.627900998461</coordinates>
    </Point>
  </Placemark>
  <Placemark id="LF3733">
    <name>LF3733 - Hippolytaine</name>
    <description>Base Paramoteurs Privée Ouverte aux ULM sur autorisation</description>
    <Point>
      <coordinates>1.1434355393677151,47.05929818635076</coordinates>
    </Point>
  </Placemark>
  <Placemark id="LF3751">
    <name>LF3751 - Bournan</name>
    <description>Aérodrome fermé.</description>
    <Point>
      <coordinates>0.71821806347657,47.08324649726332</coordinates>
    </Point>
  </Placemark>
  <Placemark id="LF3752">
    <name>LF3752 - Loches</name>
    <description>Base ULM Autorisation OBLIGATOIRE </description>
    <Point>
      <coordinates>1.014261,47.153858</coordinates>
    </Point>
  </Placemark>
  <Placemark id="LF3753">
    <name>LF3753 - Channay sur Lathan</name>
    <description>Base ULM Autorisation OBLIGATOIRE </description>
    <Point>
      <coordinates>0.236744,47.461013</coordinates>
    </Point>
  </Placemark>
  <Placemark id="LF3754">
    <name>LF3754 - Saint Branchs</name>
    <description>Base ULM Autorisation OBLIGATOIRE </description>
    <Point>
      <coordinates>0.737777777777751,47.221111111111</coordinates>
    </Point>
  </Placemark>
  <Placemark id="LF3755">
    <name>LF3755 - Saint Hippolyte</name>
    <description>Base ULM Autorisation OBLIGATOIRE </description>
    <Point>
      <coordinates>1.1442947387695312,47.06132293984692</coordinates>
    </Point>
  </Placemark>
  <Placemark id="LF3759">
    <name>LF3759 - Morand </name>
    <description>Aérodrome Privé Avec Restrictions Autorisation OBLIGATOIRE </description>
    <Point>
      <coordinates>1.016956859771767,47.53714229480779</coordinates>
    </Point>
  </Placemark>
  <Placemark id="LF3760">
    <name>LF3760 - Ferme de la Braudière</name>
    <description>Base ULM Autorisation OBLIGATOIRE </description>
    <Point>
      <coordinates>0.30712366104125977,47.562337850768</coordinates>
    </Point>
  </Placemark>
  <Placemark id="LF3761">
    <name>LF3761 - Lémeré</name>
    <description>Base ULM Privé Avec Restrictions Autorisation OBLIGATOIRE </description>
    <Point>
      <coordinates>0.343149,47.086534</coordinates>
    </Point>
  </Placemark>
  <Placemark id="LF3765">
    <name>LF3765 - Les Bardellières</name>
    <description>Aérodrome Privé Ouvert aux ULM</description>
    <Point>
      <coordinates>0.4377955198287964,47.498144087702585</coordinates>
    </Point>
  </Placemark>
  <Placemark id="LF3767">
    <name>LF3767 - La Canté</name>
    <description>Base Paramoteurs Privé Avec Restrictions Autorisation OBLIGATOIRE </description>
    <Point>
      <coordinates>0.6710411071777571,47.010981761134</coordinates>
    </Point>
  </Placemark>
  <Placemark id="LF3768">
    <name>LF3768 - Château de l&#039;Estang</name>
    <description>Base ULM Accès privé</description>
    <Point>
      <coordinates>1.26456246164115,47.20730887620161</coordinates>
    </Point>
  </Placemark>
  <Placemark id="LF3770">
    <name>LF3770 - Timlou paramoteur</name>
    <description>Base Paramoteurs Réglementé Avec Restrictions Autorisation OBLIGATOIRE </description>
    <Point>
      <coordinates>0.2557509196851848,47.430626318165935</coordinates>
    </Point>
  </Placemark>
  <Placemark id="LF3821">
    <name>LF3821 - Col de Belledonne</name>
    <description>AltiSurface en service </description>
    <Point>
      <coordinates>5.987222,45.166667</coordinates>
    </Point>
  </Placemark>
  <Placemark id="LF3822">
    <name>LF3822 - Crête de Brouffiers</name>
    <description>AltiSurface en service </description>
    <Point>
      <coordinates>5.8794444444444025,45.03777777777778</coordinates>
    </Point>
  </Placemark>
  <Placemark id="LF3823">
    <name>LF3823 - Dôme de la Lauze</name>
    <description>AltiSurface en service </description>
    <Point>
      <coordinates>6.245833333333394,44.99861111111111</coordinates>
    </Point>
  </Placemark>
  <Placemark id="LF3824">
    <name>LF3824 - Glacier de la Barbaratre V.</name>
    <description>AltiSurface en service </description>
    <Point>
      <coordinates>6.138889000000063,45.160556</coordinates>
    </Point>
  </Placemark>
  <Placemark id="LF3825">
    <name>LF3825 - Col de Sarenne</name>
    <description>AltiSurface en service </description>
    <Point>
      <coordinates>6.145833000000039,45.0875</coordinates>
    </Point>
  </Placemark>
  <Placemark id="LF3826">
    <name>LF3826 - Notre Dame de La Salette</name>
    <description>AltiSurface en service </description>
    <Point>
      <coordinates>5.962686470733615,44.841969276197</coordinates>
    </Point>
  </Placemark>
  <Placemark id="LF3828">
    <name>LF3828 - Mens</name>
    <description>AltiSurface en service </description>
    <Point>
      <coordinates>5.753610999999978,44.805556</coordinates>
    </Point>
  </Placemark>
  <Placemark id="LF3832">
    <name>LF3832 - L&#039;Alpe du Grand Serre</name>
    <description>AltiSurface en service </description>
    <Point>
      <coordinates>5.834443999999962,45</coordinates>
    </Point>
  </Placemark>
  <Placemark id="LF3833">
    <name>LF3833 - Leyrieu</name>
    <description>Base ULM Réglementé Avec Restrictions Autorisation OBLIGATOIRE </description>
    <Point>
      <coordinates>5.243869441802985,45.768040841174</coordinates>
    </Point>
  </Placemark>
  <Placemark id="LF3851">
    <name>LF3851 - Monestier de Clermont Les Verd</name>
    <description>Aérodrome Privé Ouvert aux ULM</description>
    <Point>
      <coordinates>5.6121438677367905,44.9242030772481</coordinates>
    </Point>
  </Placemark>
  <Placemark id="LF3852">
    <name>LF3852 - Frontonas</name>
    <description>Base ULM Autorisation OBLIGATOIRE </description>
    <Point>
      <coordinates>5.182628631591797,45.644168168014</coordinates>
    </Point>
  </Placemark>
  <Placemark id="LF3853">
    <name>LF3853 - Saint Vincent de Mercuze</name>
    <description>Base ULM Privé Avec Restrictions Autorisation OBLIGATOIRE </description>
    <Point>
      <coordinates>5.970232662580184,45.3690001427728</coordinates>
    </Point>
  </Placemark>
  <Placemark id="LF3856">
    <name>LF3856 - Oulles - La Bergerie</name>
    <description>AltiSurface en service </description>
    <Point>
      <coordinates>5.965833333333308,45.06666666666667</coordinates>
    </Point>
  </Placemark>
  <Placemark id="LF3857">
    <name>LF3857 - Lumbin</name>
    <description>Base ULM Réglementé Avec Restrictions  Utilisation EPISODIQUE </description>
    <Point>
      <coordinates>5.915472507476807,45.301939000727</coordinates>
    </Point>
  </Placemark>
  <Placemark id="LF3870">
    <name>LF3870 - Grand champ</name>
    <description>Base ULM Accès privé</description>
    <Point>
      <coordinates>4.851645518060309,45.44061719265629</coordinates>
    </Point>
  </Placemark>
  <Placemark id="LF3871">
    <name>LF3871 - Montaud</name>
    <description>Aérodrome Privé Ouvert aux ULM</description>
    <Point>
      <coordinates>5.554302285705603,45.25847151763</coordinates>
    </Point>
  </Placemark>
  <Placemark id="LF3872">
    <name>LF3872 - les Banchets</name>
    <description>Base ULM Accès privé</description>
    <Point>
      <coordinates>6.126141026739571,45.0022772262599</coordinates>
    </Point>
  </Placemark>
  <Placemark id="LF3873">
    <name>LF3873 - Base paramoteur Assieu</name>
    <description>Base Paramoteurs Privé Avec Restrictions Autorisation OBLIGATOIRE </description>
    <Point>
      <coordinates>4.841230552060097,45.402159016066</coordinates>
    </Point>
  </Placemark>
  <Placemark id="LF3874">
    <name>LF3874 - Saint Hilaire du Rosier</name>
    <description>Base ULM fermée définitivement</description>
    <Point>
      <coordinates>5.231075382232689,45.090853334845626</coordinates>
    </Point>
  </Placemark>
  <Placemark id="LF3875">
    <name>LF3875 - piste privé avion Grand Champ</name>
    <description>Aérodrome Privé Avec Restrictions Autorisation OBLIGATOIRE </description>
    <Point>
      <coordinates>4.852470,45.439112</coordinates>
    </Point>
  </Placemark>
  <Placemark id="LF3921">
    <name>LF3921 - Lombard</name>
    <description>Aérodrome Privé Ouvert aux ULM</description>
    <Point>
      <coordinates>5.498228073120117,46.76932176238848</coordinates>
    </Point>
  </Placemark>
  <Placemark id="LF3922">
    <name>LF3922 - Balaiseaux</name>
    <description>Base ULM Autorisation OBLIGATOIRE </description>
    <Point>
      <coordinates>5.469603538513184,46.968671252635</coordinates>
    </Point>
  </Placemark>
  <Placemark id="LF3923">
    <name>LF3923 - Saint Claude</name>
    <description>Aérodrome Privé Ouvert aux ULM</description>
    <Point>
      <coordinates>5.770204,46.384833</coordinates>
    </Point>
  </Placemark>
  <Placemark id="LF3951">
    <name>LF3951 - Doucier</name>
    <description>Base ULM Autorisation OBLIGATOIRE </description>
    <Point>
      <coordinates>5.7614922523498535,46.663692770176</coordinates>
    </Point>
  </Placemark>
  <Placemark id="LF3953">
    <name>LF3953 - Boissia</name>
    <description>Base ULM accès libre Utilisation EPISODIQUE </description>
    <Point>
      <coordinates>5.710058212280273,46.574497807638</coordinates>
    </Point>
  </Placemark>
  <Placemark id="LF3954">
    <name>LF3954 - Vigearde</name>
    <description>Base ULM Accès privé</description>
    <Point>
      <coordinates>5.7103906750752875,47.21162138614665</coordinates>
    </Point>
  </Placemark>
  <Placemark id="LF3956">
    <name>LF3956 - Arbois-Ulm</name>
    <description>Base ULM Privé Avec Restrictions Autorisation OBLIGATOIRE </description>
    <Point>
      <coordinates>5.717900991439819,46.89718192346401</coordinates>
    </Point>
  </Placemark>
  <Placemark id="LF3957">
    <name>LF3957 - aéro Sermange</name>
    <description>Base ULM Autorisation OBLIGATOIRE </description>
    <Point>
      <coordinates>5.647634042055523,47.18809604123978</coordinates>
    </Point>
  </Placemark>
  <Placemark id="LF3958">
    <name>LF3958 - Arthenas</name>
    <description>Base ULM Accès privé</description>
    <Point>
      <coordinates>5.536438678900382,46.57407526676479</coordinates>
    </Point>
  </Placemark>
  <Placemark id="LF4051">
    <name>LF4051 - Amou</name>
    <description>Base ULM fermée temporairement </description>
    <Point>
      <coordinates>-0.765368629638715,43.58712157062596</coordinates>
    </Point>
  </Placemark>
  <Placemark id="LF4053">
    <name>LF4053 - Tartas</name>
    <description>Base Paramoteurs accès limité Autorisation OBLIGATOIRE </description>
    <Point>
      <coordinates>-0.7630555555555557,43.82972222222222</coordinates>
    </Point>
  </Placemark>
  <Placemark id="LF4054">
    <name>LF4054 - Benesse Maremne</name>
    <description>Base ULM Privé Avec Restrictions Autorisation OBLIGATOIRE </description>
    <Point>
      <coordinates>-1.3910243212097262,43.64161750172903</coordinates>
    </Point>
  </Placemark>
  <Placemark id="LF4055">
    <name>LF4055 - Moulin de capas</name>
    <description>Base ULM Privé Avec Restrictions Autorisation OBLIGATOIRE </description>
    <Point>
      <coordinates>-1.177485,44.114349</coordinates>
    </Point>
  </Placemark>
  <Placemark id="LF4123">
    <name>LF4123 - Souesmes</name>
    <description>Aérodrome Privé Ouvert aux ULM</description>
    <Point>
      <coordinates>2.210833,47.448333</coordinates>
    </Point>
  </Placemark>
  <Placemark id="LF4124">
    <name>LF4124 - Sougé</name>
    <description>Aérodrome privé fermé temporairement</description>
    <Point>
      <coordinates>0.7389435238308124,47.762582821921</coordinates>
    </Point>
  </Placemark>
  <Placemark id="LF4125">
    <name>LF4125 - Montrichard</name>
    <description>Aérodrome Privé Ouvert aux ULM</description>
    <Point>
      <coordinates>1.202927827835083,47.335230935954</coordinates>
    </Point>
  </Placemark>
  <Placemark id="LF4128">
    <name>LF4128 - Fougères sur Bièvre</name>
    <description>Aérodrome Privé Ouvert aux ULM</description>
    <Point>
      <coordinates>1.3664942979812622,47.4582909274827</coordinates>
    </Point>
  </Placemark>
  <Placemark id="LF4129">
    <name>LF4129 - Cosseneux Vouzon</name>
    <description>Aérodrome Privé Avec Restrictions Autorisation OBLIGATOIRE </description>
    <Point>
      <coordinates>2.0866666666667015,47.6025</coordinates>
    </Point>
  </Placemark>
  <Placemark id="LF4130">
    <name>LF4130 - Pontlevoy</name>
    <description>Base ULM Accès privé</description>
    <Point>
      <coordinates>1.2187957763671875,47.385304461284</coordinates>
    </Point>
  </Placemark>
  <Placemark id="LF4131">
    <name>LF4131 - Vouzon Le Rabot</name>
    <description>Aérodrome Privé Ouvert aux ULM</description>
    <Point>
      <coordinates>1.987596,47.655857</coordinates>
    </Point>
  </Placemark>
  <Placemark id="LF4153">
    <name>LF4153 - Chauvigny du Perche</name>
    <description>Base ULM Autorisation OBLIGATOIRE </description>
    <Point>
      <coordinates>1.068892478942871,47.949005930436</coordinates>
    </Point>
  </Placemark>
  <Placemark id="LF4155">
    <name>LF4155 - Chouzy-sur-Cisse</name>
    <description>Base ULM Autorisation OBLIGATOIRE </description>
    <Point>
      <coordinates>1.2326492539673382,47.507030967982</coordinates>
    </Point>
  </Placemark>
  <Placemark id="LF4156">
    <name>LF4156 - Frepelle</name>
    <description>Base ULM Autorisation OBLIGATOIRE </description>
    <Point>
      <coordinates>1.3188888888888641,47.82666666666667</coordinates>
    </Point>
  </Placemark>
  <Placemark id="LF4159">
    <name>LF4159 - Maray</name>
    <description>Base ULM fermée temporairement </description>
    <Point>
      <coordinates>1.889883,47.257104</coordinates>
    </Point>
  </Placemark>
  <Placemark id="LF4160">
    <name>LF4160 - Courmemin - Les Filaines</name>
    <description>Base ULM Accès privé</description>
    <Point>
      <coordinates>1.6438805186157124,47.4551258615982</coordinates>
    </Point>
  </Placemark>
  <Placemark id="LF4161">
    <name>LF4161 - base ULM dugny-Onzain</name>
    <description>Base ULM Autorisation OBLIGATOIRE </description>
    <Point>
      <coordinates>1.182000,47.526000</coordinates>
    </Point>
  </Placemark>
  <Placemark id="LF4221">
    <name>LF4221 - Col du Béal</name>
    <description>AltiSurface en service </description>
    <Point>
      <coordinates>3.7886313968234617,45.681220526012</coordinates>
    </Point>
  </Placemark>
  <Placemark id="LF4222">
    <name>LF4222 - La Jasserie</name>
    <description>AltiSurface en service </description>
    <Point>
      <coordinates>4.578169844305076,45.38970023046998</coordinates>
    </Point>
  </Placemark>
  <Placemark id="LF4223">
    <name>LF4223 - Montverdun</name>
    <description>Base ULM Autorisation OBLIGATOIRE </description>
    <Point>
      <coordinates>4.074640274047852,45.704441031962</coordinates>
    </Point>
  </Placemark>
  <Placemark id="LF4224">
    <name>LF4224 - Précieux</name>
    <description>Base ULM Accès privé</description>
    <Point>
      <coordinates>4.17555570602417,45.588125220473</coordinates>
    </Point>
  </Placemark>
  <Placemark id="LF4225">
    <name>LF4225 - Roanne Mably</name>
    <description>Base ULM Accès privé</description>
    <Point>
      <coordinates>4.08665657043457,46.085659045024</coordinates>
    </Point>
  </Placemark>
  <Placemark id="LF4226">
    <name>LF4226 - Cret de Montieux</name>
    <description>Aérodrome Privé Avec Restrictions Autorisation OBLIGATOIRE </description>
    <Point>
      <coordinates>4.607767677307265,45.463927350754</coordinates>
    </Point>
  </Placemark>
  <Placemark id="LF4229">
    <name>LF4229 - Maubeu</name>
    <description>Aérodrome fermé.</description>
    <Point>
      <coordinates>4.46390105042417,45.493299045169</coordinates>
    </Point>
  </Placemark>
  <Placemark id="LF4230">
    <name>LF4230 - La jalabertière</name>
    <description>Base ULM Privé Avec Restrictions Autorisation OBLIGATOIRE </description>
    <Point>
      <coordinates>4.467835343872082,45.483885359591824</coordinates>
    </Point>
  </Placemark>
  <Placemark id="LF4321">
    <name>LF4321 - Mazeyrat</name>
    <description>Aérodrome Privé Ouvert aux ULM</description>
    <Point>
      <coordinates>3.5035098227233448,45.107994274694</coordinates>
    </Point>
  </Placemark>
  <Placemark id="LF4323">
    <name>LF4323 - Les Vastres</name>
    <description>Base ULM Fermée temporairement </description>
    <Point>
      <coordinates>4.26743745803833,44.98541163219</coordinates>
    </Point>
  </Placemark>
  <Placemark id="LF4324">
    <name>LF4324 - Beaux</name>
    <description>Base ULM Accès privé</description>
    <Point>
      <coordinates>4.089782573679828,45.1911683646952</coordinates>
    </Point>
  </Placemark>
  <Placemark id="LF4325">
    <name>LF4325 - Lapte</name>
    <description>Base ULM Accès limité Autorisation OBLIGATOIRE </description>
    <Point>
      <coordinates>4.211155,45.165824</coordinates>
    </Point>
  </Placemark>
  <Placemark id="LF4326">
    <name>LF4326 - Adiac</name>
    <description>Base ULM Réglementé Avec Restrictions Autorisation OBLIGATOIRE </description>
    <Point>
      <coordinates>3.959130,45.127400</coordinates>
    </Point>
  </Placemark>
  <Placemark id="LF4423">
    <name>LF4423 - Saint Brévin les Pins</name>
    <description>Base ULM ouverte tous types</description>
    <Point>
      <coordinates>-2.1303176879882812,47.271309160536</coordinates>
    </Point>
  </Placemark>
  <Placemark id="LF4451">
    <name>LF4451 - Frossay</name>
    <description>Base ULM ouverte tous types</description>
    <Point>
      <coordinates>-1.8776697619018705,47.23906004282</coordinates>
    </Point>
  </Placemark>
  <Placemark id="LF4452">
    <name>LF4452 - La Planche</name>
    <description>Base ULM Privé Avec Restrictions Autorisation OBLIGATOIRE </description>
    <Point>
      <coordinates>-1.434445,47.027824</coordinates>
    </Point>
  </Placemark>
  <Placemark id="LF4453">
    <name>LF4453 - Nantes Héric</name>
    <description>Base ULM ouverte tous types</description>
    <Point>
      <coordinates>-1.6355459986792766,47.385956821934</coordinates>
    </Point>
  </Placemark>
  <Placemark id="LF4454">
    <name>LF4454 - Le Quilloux</name>
    <description>Aérodrome Privé Ouvert aux ULM</description>
    <Point>
      <coordinates>-1.9147873227539094,47.59941297565</coordinates>
    </Point>
  </Placemark>
  <Placemark id="LF4455">
    <name>LF4455 - La Possardière</name>
    <description>Base ULM Autorisation OBLIGATOIRE </description>
    <Point>
      <coordinates>-1.7033958435058594,46.964556502458</coordinates>
    </Point>
  </Placemark>
  <Placemark id="LF4457">
    <name>LF4457 - Campbon La Berthelière</name>
    <description>Base ULM ouverte tous types</description>
    <Point>
      <coordinates>-2.0119444444444525,47.420833333333334</coordinates>
    </Point>
  </Placemark>
  <Placemark id="LF4458">
    <name>LF4458 - St Brévin les Pins</name>
    <description>Aérodrome Privé Avec Restrictions Autorisation OBLIGATOIRE </description>
    <Point>
      <coordinates>-2.1416734695434503,47.23641539526401</coordinates>
    </Point>
  </Placemark>
  <Placemark id="LF4524">
    <name>LF4524 - Ligny</name>
    <description>Aérodrome privé fermé définitivement.</description>
    <Point>
      <coordinates>1.778455634948708,47.70551081620332</coordinates>
    </Point>
  </Placemark>
  <Placemark id="LF4525">
    <name>LF4525 - La Selle en Hermoy</name>
    <description>Base ULM Autorisation OBLIGATOIRE </description>
    <Point>
      <coordinates>2.899811267852783,48.016051686737</coordinates>
    </Point>
  </Placemark>
  <Placemark id="LF4552">
    <name>LF4552 - Saint Benoit sur Loire</name>
    <description>Base ULM ouverte tous types</description>
    <Point>
      <coordinates>2.3373365423414043,47.791479259993345</coordinates>
    </Point>
  </Placemark>
  <Placemark id="LF4553">
    <name>LF4553 - Beaugency</name>
    <description>Base ULM Autorisation OBLIGATOIRE </description>
    <Point>
      <coordinates>1.578308,47.748875</coordinates>
    </Point>
  </Placemark>
  <Placemark id="LF4555">
    <name>LF4555 - Mardié</name>
    <description>Base ULM Autorisation OBLIGATOIRE </description>
    <Point>
      <coordinates>2.067778,47.903611</coordinates>
    </Point>
  </Placemark>
  <Placemark id="LF4556">
    <name>LF4556 - Marsainvilliers</name>
    <description>Base ULM Autorisation OBLIGATOIRE </description>
    <Point>
      <coordinates>2.261080741882324,48.221641946572</coordinates>
    </Point>
  </Placemark>
  <Placemark id="LF4557">
    <name>LF4557 - Villemoutier</name>
    <description>Base ULM ouverte tous types</description>
    <Point>
      <coordinates>2.5735818941650423,47.970292698356</coordinates>
    </Point>
  </Placemark>
  <Placemark id="LF4558">
    <name>LF4558 - Cravant les Lilas</name>
    <description>Base ULM Autorisation OBLIGATOIRE </description>
    <Point>
      <coordinates>1.6178366243286746,47.83670210044272</coordinates>
    </Point>
  </Placemark>
  <Placemark id="LF4559">
    <name>LF4559 - Egry</name>
    <description>Base ULM Autorisation OBLIGATOIRE </description>
    <Point>
      <coordinates>2.4480199813842773,48.106413886122</coordinates>
    </Point>
  </Placemark>
  <Placemark id="LF4560">
    <name>LF4560 - La Rosétaine</name>
    <description>Base ULM ouverte tous types</description>
    <Point>
      <coordinates>2.9373591719732985,48.128198778454355</coordinates>
    </Point>
  </Placemark>
  <Placemark id="LF4561">
    <name>LF4561 - Les Avant Gardes</name>
    <description>Aérodrome Privé Ouvert aux ULM</description>
    <Point>
      <coordinates>2.235368296305296,47.81309235631353</coordinates>
    </Point>
  </Placemark>
  <Placemark id="LF4562">
    <name>LF4562 - St Germain</name>
    <description>Base ULM Accès privé</description>
    <Point>
      <coordinates>2.8433729171753157,47.95826333283458</coordinates>
    </Point>
  </Placemark>
  <Placemark id="LF4565">
    <name>LF4565 - ULM LA CAVE</name>
    <description>Aérodrome Privé Ouvert aux ULM</description>
    <Point>
      <coordinates>2.4544444444443343,47.872222222222</coordinates>
    </Point>
  </Placemark>
  <Placemark id="LF4566">
    <name>LF4566 - La Ferté Saint Aubin</name>
    <description>Base ULM Accès privé</description>
    <Point>
      <coordinates>1.895000,47.697040</coordinates>
    </Point>
  </Placemark>
  <Placemark id="LF4621">
    <name>LF4621 - Calviac</name>
    <description>Aérodrome Privé Ouvert aux ULM</description>
    <Point>
      <coordinates>2.0681569671078304,44.92716365038049</coordinates>
    </Point>
  </Placemark>
  <Placemark id="LF4623">
    <name>LF4623 - Lacave Le Frau</name>
    <description>Aérodrome Privé Ouvert aux ULM</description>
    <Point>
      <coordinates>1.5891122817993164,44.841690423606</coordinates>
    </Point>
  </Placemark>
  <Placemark id="LF4624">
    <name>LF4624 - Loupiac</name>
    <description>Aérodrome privé fermé temporairement</description>
    <Point>
      <coordinates>1.4746149338616306,44.831411599134</coordinates>
    </Point>
  </Placemark>
  <Placemark id="LF4627">
    <name>LF4627 - Saint Médard de Presque</name>
    <description>Aérodrome Privé Ouvert aux ULM</description>
    <Point>
      <coordinates>1.8311390380371222,44.84302408620632</coordinates>
    </Point>
  </Placemark>
  <Placemark id="LF4628">
    <name>LF4628 - Montaigu de Quercy Valprionde</name>
    <description>Aérodrome Privé Ouvert aux ULM</description>
    <Point>
      <coordinates>1.092088222503662,44.365065994687</coordinates>
    </Point>
  </Placemark>
  <Placemark id="LF4629">
    <name>LF4629 - Cabrerets</name>
    <description>Base ULM Autorisation OBLIGATOIRE </description>
    <Point>
      <coordinates>1.5925025939941406,44.514150030852605</coordinates>
    </Point>
  </Placemark>
  <Placemark id="LF4631">
    <name>LF4631 - Vers</name>
    <description>Base ULM Autorisation OBLIGATOIRE </description>
    <Point>
      <coordinates>1.5330559999999878,44.486389</coordinates>
    </Point>
  </Placemark>
  <Placemark id="LF4632">
    <name>LF4632 - Montfaucon</name>
    <description>Base ULM ouverte tous types</description>
    <Point>
      <coordinates>1.6190886497497559,44.691214732988</coordinates>
    </Point>
  </Placemark>
  <Placemark id="LF4651">
    <name>LF4651 - Cézac</name>
    <description>Base ULM Accès privé</description>
    <Point>
      <coordinates>1.347778000000062,44.3475</coordinates>
    </Point>
  </Placemark>
  <Placemark id="LF4652">
    <name>LF4652 - les landes</name>
    <description>Aérodrome Privé Ouvert aux ULM</description>
    <Point>
      <coordinates>1.6469896793365706,44.94422507936338</coordinates>
    </Point>
  </Placemark>
  <Placemark id="LF4722">
    <name>LF4722 - Castillonnès </name>
    <description>Aérodrome Privé Ouvert aux ULM</description>
    <Point>
      <coordinates>0.6387519836425781,44.698555455492965</coordinates>
    </Point>
  </Placemark>
  <Placemark id="LF4724">
    <name>LF4724 - Montpezat d&#039;Agenais</name>
    <description>Aérodrome Privé Ouvert aux ULM</description>
    <Point>
      <coordinates>0.4914665222167969,44.364191604093</coordinates>
    </Point>
  </Placemark>
  <Placemark id="LF4725">
    <name>LF4725 - Sembas</name>
    <description>Aérodrome Privé Avec Restrictions Autorisation OBLIGATOIRE </description>
    <Point>
      <coordinates>0.6493386626243591,44.337407071995</coordinates>
    </Point>
  </Placemark>
  <Placemark id="LF4726">
    <name>LF4726 - Tremons</name>
    <description>Aérodrome Privé Avec Restrictions Autorisation OBLIGATOIRE </description>
    <Point>
      <coordinates>0.8908945238036949,44.40810198641</coordinates>
    </Point>
  </Placemark>
  <Placemark id="LF4729">
    <name>LF4729 - Saumont Gentieu</name>
    <description>Aérodrome Privé Ouvert aux ULM</description>
    <Point>
      <coordinates>0.46613022486371847,44.11160845610436</coordinates>
    </Point>
  </Placemark>
  <Placemark id="LF4730">
    <name>LF4730 - MIROND&#039;AILES</name>
    <description>Base ULM Accès privé</description>
    <Point>
      <coordinates>0.34139156341552734,44.599283607965</coordinates>
    </Point>
  </Placemark>
  <Placemark id="LF4733">
    <name>LF4733 - Lamourache Nord</name>
    <description>Aérodrome Privé Avec Restrictions Autorisation OBLIGATOIRE </description>
    <Point>
      <coordinates>0.193392508952126,44.62275523686606</coordinates>
    </Point>
  </Placemark>
  <Placemark id="LF4735">
    <name>LF4735 - Lavardac</name>
    <description>Base ULM Autorisation OBLIGATOIRE </description>
    <Point>
      <coordinates>0.307417,44.171594</coordinates>
    </Point>
  </Placemark>
  <Placemark id="LF4737">
    <name>LF4737 - Saint Jean de Duras</name>
    <description>Base ULM Autorisation OBLIGATOIRE </description>
    <Point>
      <coordinates>0.2968143333265516,44.708083114469275</coordinates>
    </Point>
  </Placemark>
  <Placemark id="LF4738">
    <name>LF4738 - Villeton</name>
    <description>Base ULM Autorisation OBLIGATOIRE </description>
    <Point>
      <coordinates>0.28603494841001975,44.357021155384</coordinates>
    </Point>
  </Placemark>
  <Placemark id="LF4751">
    <name>LF4751 - Fourques</name>
    <description>Base ULM Autorisation OBLIGATOIRE </description>
    <Point>
      <coordinates>0.16185894232785358,44.46654921347438</coordinates>
    </Point>
  </Placemark>
  <Placemark id="LF4752">
    <name>LF4752 - Segalas</name>
    <description>Aérodrome Privé Ouvert aux ULM</description>
    <Point>
      <coordinates>0.5569338798522949,44.591368749067</coordinates>
    </Point>
  </Placemark>
  <Placemark id="LF4754">
    <name>LF4754 - Fauillet</name>
    <description>Base ULM Accès privé</description>
    <Point>
      <coordinates>0.29488205909729004,44.41949793532302</coordinates>
    </Point>
  </Placemark>
  <Placemark id="LF4755">
    <name>LF4755 - Mascar</name>
    <description>Base ULM Accès privé</description>
    <Point>
      <coordinates>0.818856954574585,44.649179293585</coordinates>
    </Point>
  </Placemark>
  <Placemark id="LF4756">
    <name>LF4756 - Bouglon</name>
    <description>Base ULM Autorisation OBLIGATOIRE </description>
    <Point>
      <coordinates>0.11083299999995688,44.401389</coordinates>
    </Point>
  </Placemark>
  <Placemark id="LF4758">
    <name>LF4758 - Les ROSES</name>
    <description>Base ULM Privé Avec Restrictions Autorisation OBLIGATOIRE </description>
    <Point>
      <coordinates>0.918263,44.572103</coordinates>
    </Point>
  </Placemark>
  <Placemark id="LF4825">
    <name>LF4825 - Fenestres</name>
    <description>Aérodrome Privé Ouvert aux ULM</description>
    <Point>
      <coordinates>3.1880559999999605,44.844167</coordinates>
    </Point>
  </Placemark>
  <Placemark id="LF4862">
    <name>LF4862 - Ribennes La Cheminade</name>
    <description>Aérodrome Privé Ouvert aux ULM</description>
    <Point>
      <coordinates>3.3417238267263656,44.658489779632</coordinates>
    </Point>
  </Placemark>
  <Placemark id="LF4923">
    <name>LF4923 - Saint Sigismond</name>
    <description>Base ULM fermée définitivement</description>
    <Point>
      <coordinates>-0.935833,47.439444</coordinates>
    </Point>
  </Placemark>
  <Placemark id="LF4925">
    <name>LF4925 - Soucelles</name>
    <description>Aérodrome fermé.</description>
    <Point>
      <coordinates>-0.412204,47.580219</coordinates>
    </Point>
  </Placemark>
  <Placemark id="LF4946">
    <name>LF4946 - Soulaire</name>
    <description>Aérodrome Privé Interdit aux ULM Autorisation OBLIGATOIRE </description>
    <Point>
      <coordinates>-0.5497191507873822,47.56557143123</coordinates>
    </Point>
  </Placemark>
  <Placemark id="LF4954">
    <name>LF4954 - St Macaire du bois</name>
    <description>Base ULM Autorisation OBLIGATOIRE </description>
    <Point>
      <coordinates>-0.2813422679901123,47.12630466470039</coordinates>
    </Point>
  </Placemark>
  <Placemark id="LF4955">
    <name>LF4955 - Valanjou</name>
    <description>Base ULM Accès privé</description>
    <Point>
      <coordinates>-0.5684137344360352,47.22442098253</coordinates>
    </Point>
  </Placemark>
  <Placemark id="LF4956">
    <name>LF4956 - Coutures</name>
    <description>Base ULM Accès privé</description>
    <Point>
      <coordinates>-0.330534,47.366015</coordinates>
    </Point>
  </Placemark>
  <Placemark id="LF4957">
    <name>LF4957 - Jumelles</name>
    <description>Aérodrome Privé Ouvert aux ULM</description>
    <Point>
      <coordinates>-0.09664169311520254,47.435528532119115</coordinates>
    </Point>
  </Placemark>
  <Placemark id="LF4958">
    <name>LF4958 - Chesnaie ULM</name>
    <description>Base ULM Autorisation OBLIGATOIRE </description>
    <Point>
      <coordinates>-0.9250984870604952,47.339514474482904</coordinates>
    </Point>
  </Placemark>
  <Placemark id="LF4959">
    <name>LF4959 - Solib&#039;Ailes</name>
    <description>Base Paramoteurs Privé Avec Restrictions Autorisation OBLIGATOIRE </description>
    <Point>
      <coordinates>-0.5141439846557683,47.77749202617854</coordinates>
    </Point>
  </Placemark>
  <Placemark id="LF5021">
    <name>LF5021 - Dragey</name>
    <description>Base ULM Accès privé</description>
    <Point>
      <coordinates>-1.4938558637543338,48.705400961337</coordinates>
    </Point>
  </Placemark>
  <Placemark id="LF5022">
    <name>LF5022 - Portbail</name>
    <description>Base ULM Accès limité Autorisation OBLIGATOIRE </description>
    <Point>
      <coordinates>-1.7139945919570891,49.335298172703</coordinates>
    </Point>
  </Placemark>
  <Placemark id="LF5122">
    <name>LF5122 - Servon Melzicourt</name>
    <description>Aérodrome Privé Ouvert aux ULM</description>
    <Point>
      <coordinates>4.830808639526367,49.204897072463105</coordinates>
    </Point>
  </Placemark>
  <Placemark id="LF5123">
    <name>LF5123 - Courtisols les Houches</name>
    <description>Base ULM Accès privé</description>
    <Point>
      <coordinates>4.496626853942871,48.995368086965</coordinates>
    </Point>
  </Placemark>
  <Placemark id="LF5124">
    <name>LF5124 - Reims Concept ULM</name>
    <description>Base Paramoteurs Privée Ouverte aux ULM sur autorisation</description>
    <Point>
      <coordinates>3.73335599899292,49.204595652365</coordinates>
    </Point>
  </Placemark>
  <Placemark id="LF5154">
    <name>LF5154 - Lac du Der</name>
    <description>HydroSurface Restreinte Autorisation OBLIGATOIRE </description>
    <Point>
      <coordinates>4.729974365234398,48.566685128557</coordinates>
    </Point>
  </Placemark>
  <Placemark id="LF5155">
    <name>LF5155 - Champagne Vol Libre</name>
    <description>Base paramoteurs fermée définitivement.</description>
    <Point>
      <coordinates>4.061576148139125,48.936147571675</coordinates>
    </Point>
  </Placemark>
  <Placemark id="LF5156">
    <name>LF5156 - Epoye ULM Reims Concept ULM</name>
    <description>Base paramoteurs fermée définitivement.</description>
    <Point>
      <coordinates>4.24050228203123,49.277181811895</coordinates>
    </Point>
  </Placemark>
  <Placemark id="LF5157">
    <name>LF5157 - Base ULM de Berru</name>
    <description>Base Paramoteurs Privé Avec Restrictions Autorisation OBLIGATOIRE </description>
    <Point>
      <coordinates>4.1875956192627655,49.28610031693791</coordinates>
    </Point>
  </Placemark>
  <Placemark id="LF5158">
    <name>LF5158 - La croix du garçon </name>
    <description>Base ULM Accès privé</description>
    <Point>
      <coordinates>4.8924345816760795,49.250254138770934</coordinates>
    </Point>
  </Placemark>
  <Placemark id="LF5159">
    <name>LF5159 - Baudement</name>
    <description>Base ULM Autorisation OBLIGATOIRE </description>
    <Point>
      <coordinates>3.7663051959869343,48.58194358040373</coordinates>
    </Point>
  </Placemark>
  <Placemark id="LF5224">
    <name>LF5224 - Harricourt la Gonio</name>
    <description>Base ULM Autorisation OBLIGATOIRE </description>
    <Point>
      <coordinates>4.9145471270142025,48.280189508076</coordinates>
    </Point>
  </Placemark>
  <Placemark id="LF5225">
    <name>LF5225 - Laville aux Bois</name>
    <description>Base ULM Autorisation OBLIGATOIRE </description>
    <Point>
      <coordinates>5.201944000000026,48.092778</coordinates>
    </Point>
  </Placemark>
  <Placemark id="LF5252">
    <name>LF5252 - les ailes du der</name>
    <description>Base ULM Autorisation OBLIGATOIRE </description>
    <Point>
      <coordinates>4.851837158203125,48.435721201329</coordinates>
    </Point>
  </Placemark>
  <Placemark id="LF5321">
    <name>LF5321 - Andouillé Le Tertre Picard</name>
    <description>Aérodrome Privé Ouvert aux ULM</description>
    <Point>
      <coordinates>-0.850153,48.177190</coordinates>
    </Point>
  </Placemark>
  <Placemark id="LF5322">
    <name>LF5322 - La Rogerie</name>
    <description>Aérodrome Privé Ouvert aux ULM</description>
    <Point>
      <coordinates>-0.5352780000000621,48.311667</coordinates>
    </Point>
  </Placemark>
  <Placemark id="LF5323">
    <name>LF5323 - La Bazouge de Chemeré</name>
    <description>Base ULM ouverte tous types</description>
    <Point>
      <coordinates>-0.4941621283213635,48.01303018283969</coordinates>
    </Point>
  </Placemark>
  <Placemark id="LF5324">
    <name>LF5324 - Beausoleil</name>
    <description>Base ULM Privé Avec Restrictions Autorisation OBLIGATOIRE </description>
    <Point>
      <coordinates>-0.5510759353637695,47.777477742021</coordinates>
    </Point>
  </Placemark>
  <Placemark id="LF5325">
    <name>LF5325 - Courcité</name>
    <description>Règles spécifiques d&#039;accès</description>
    <Point>
      <coordinates>-0.259098777770987,48.2898988123</coordinates>
    </Point>
  </Placemark>
  <Placemark id="LF5353">
    <name>LF5353 - Ambrières-les-Vallées</name>
    <description>Base ULM Réglementé Avec Restrictions Autorisation OBLIGATOIRE </description>
    <Point>
      <coordinates>-0.6389747195773743,48.44080110784268</coordinates>
    </Point>
  </Placemark>
  <Placemark id="LF5354">
    <name>LF5354 - Lassay les Châteaux Le Rudson</name>
    <description>Base ULM Autorisation OBLIGATOIRE </description>
    <Point>
      <coordinates>-0.42579099416503396,48.457852708147996</coordinates>
    </Point>
  </Placemark>
  <Placemark id="LF5355">
    <name>LF5355 - Oisseau Neuville </name>
    <description>Base ULM Accès privé</description>
    <Point>
      <coordinates>-0.708935208786754,48.3511759635701</coordinates>
    </Point>
  </Placemark>
  <Placemark id="LF5421">
    <name>LF5421 - Mont sur Meurthe</name>
    <description>Aérodrome Privé Ouvert aux ULM</description>
    <Point>
      <coordinates>6.441666666666606,48.5425</coordinates>
    </Point>
  </Placemark>
  <Placemark id="LF5422">
    <name>LF5422 - Villerupt Micheville</name>
    <description>Aérodrome Privé Ouvert aux ULM</description>
    <Point>
      <coordinates>5.917832851409912,49.48519639968314</coordinates>
    </Point>
  </Placemark>
  <Placemark id="LF5423">
    <name>LF5423 - Herbéviller</name>
    <description>Aérodrome Privé Ouvert aux ULM</description>
    <Point>
      <coordinates>6.768775962951622,48.555982977764</coordinates>
    </Point>
  </Placemark>
  <Placemark id="LF5451">
    <name>LF5451 - Hoeville</name>
    <description>Base ULM Autorisation OBLIGATOIRE </description>
    <Point>
      <coordinates>6.438611,48.715000</coordinates>
    </Point>
  </Placemark>
  <Placemark id="LF5453">
    <name>LF5453 - Grand Couronné</name>
    <description>Base ULM Autorisation OBLIGATOIRE </description>
    <Point>
      <coordinates>6.221115589141846,48.766146759369</coordinates>
    </Point>
  </Placemark>
  <Placemark id="LF5454">
    <name>LF5454 - Laloeuf</name>
    <description>Base Paramoteurs Privée Ouverte aux ULM sur autorisation</description>
    <Point>
      <coordinates>6.024172401428132,48.463462709572</coordinates>
    </Point>
  </Placemark>
  <Placemark id="LF5521">
    <name>LF5521 - Corniéville</name>
    <description>Aérodrome Privé Ouvert aux ULM</description>
    <Point>
      <coordinates>5.695641830688487,48.763876365587</coordinates>
    </Point>
  </Placemark>
  <Placemark id="LF5523">
    <name>LF5523 - Chassey Beaupré</name>
    <description>Base ULM Accès privé</description>
    <Point>
      <coordinates>5.445442199707031,48.45396886537</coordinates>
    </Point>
  </Placemark>
  <Placemark id="LF5524">
    <name>LF5524 - Beauclair</name>
    <description>Base ULM Autorisation OBLIGATOIRE </description>
    <Point>
      <coordinates>5.108882685844492,49.461162725914</coordinates>
    </Point>
  </Placemark>
  <Placemark id="LF5525">
    <name>LF5525 - Fains Véel</name>
    <description>Base ULM Autorisation OBLIGATOIRE </description>
    <Point>
      <coordinates>5.110595226287842,48.780019595911</coordinates>
    </Point>
  </Placemark>
  <Placemark id="LF5526">
    <name>LF5526 - Montmédy-Marville</name>
    <description>Aérodrome Privé Ouvert aux ULM</description>
    <Point>
      <coordinates>5.411330000000021,49.45687</coordinates>
    </Point>
  </Placemark>
  <Placemark id="LF5551">
    <name>LF5551 - Geville</name>
    <description>Base ULM ouverte tous types</description>
    <Point>
      <coordinates>5.684722,48.768889</coordinates>
    </Point>
  </Placemark>
  <Placemark id="LF5552">
    <name>LF5552 - Billy-sous-Mangiennes</name>
    <description>Base ULM Autorisation OBLIGATOIRE </description>
    <Point>
      <coordinates>5.609550476074219,49.32455557990876</coordinates>
    </Point>
  </Placemark>
  <Placemark id="LF5554">
    <name>LF5554 - La Bertaucourt</name>
    <description>Base ULM Accès limité Autorisation OBLIGATOIRE </description>
    <Point>
      <coordinates>5.751662847385205,49.0734250467247</coordinates>
    </Point>
  </Placemark>
  <Placemark id="LF5653">
    <name>LF5653 - La Bochet</name>
    <description>Base ULM Accès privé</description>
    <Point>
      <coordinates>-2.1145248413085938,47.531666666667</coordinates>
    </Point>
  </Placemark>
  <Placemark id="LF5654">
    <name>LF5654 - Quily</name>
    <description>Base ULM Privé Avec Restrictions Autorisation OBLIGATOIRE </description>
    <Point>
      <coordinates>-2.486858367919922,47.883355318368</coordinates>
    </Point>
  </Placemark>
  <Placemark id="LF5657">
    <name>LF5657 - Courant d&#039;ailes</name>
    <description>Base Paramoteurs Privé Avec Restrictions Autorisation OBLIGATOIRE </description>
    <Point>
      <coordinates>-2.64914741516111,47.578077135313</coordinates>
    </Point>
  </Placemark>
  <Placemark id="LF5658">
    <name>LF5658 - Plouharnel</name>
    <description>Base Paramoteurs Privé Avec Restrictions Autorisation OBLIGATOIRE </description>
    <Point>
      <coordinates>-3.136944,47.592500</coordinates>
    </Point>
  </Placemark>
  <Placemark id="LF5659">
    <name>LF5659 - Bolan</name>
    <description>Base ULM Accès privé</description>
    <Point>
      <coordinates>-2.7882499552844098,47.53335164360197</coordinates>
    </Point>
  </Placemark>
  <Placemark id="LF5710">
    <name>LF5710 - Bambi Air Club</name>
    <description>Base ULM Accès limité Autorisation OBLIGATOIRE </description>
    <Point>
      <coordinates>6.60790652381047,49.116098662462385</coordinates>
    </Point>
  </Placemark>
  <Placemark id="LF5722">
    <name>LF5722 - Fresnes</name>
    <description>Base ULM Accès privé</description>
    <Point>
      <coordinates>6.435115492079035,48.85672351867713</coordinates>
    </Point>
  </Placemark>
  <Placemark id="LF5723">
    <name>LF5723 - Saint Avold</name>
    <description>Aérodrome Privé Ouvert aux ULM</description>
    <Point>
      <coordinates>6.735047126953077,49.10220084931797</coordinates>
    </Point>
  </Placemark>
  <Placemark id="LF5726">
    <name>LF5726 - Bining</name>
    <description>Aérodrome Privé Interdit aux ULM Autorisation OBLIGATOIRE </description>
    <Point>
      <coordinates>7.24222199999997,49.041667</coordinates>
    </Point>
  </Placemark>
  <Placemark id="LF5728">
    <name>LF5728 - Flastroff</name>
    <description>Base ULM ouverte tous types</description>
    <Point>
      <coordinates>6.54382367724611,49.392417561313955</coordinates>
    </Point>
  </Placemark>
  <Placemark id="LF5730">
    <name>LF5730 - Gros Rederching</name>
    <description>Base ULM ouverte tous types</description>
    <Point>
      <coordinates>7.239735809509284,49.062630015515474</coordinates>
    </Point>
  </Placemark>
  <Placemark id="LF5751">
    <name>LF5751 - L&#039;oiseau Blanc Achen</name>
    <description>Base ULM Autorisation OBLIGATOIRE </description>
    <Point>
      <coordinates>7.16158390045166,49.047376188653</coordinates>
    </Point>
  </Placemark>
  <Placemark id="LF5752">
    <name>LF5752 - Hargarten aux Mines</name>
    <description>Base ULM ouverte tous types</description>
    <Point>
      <coordinates>6.586839611114556,49.21954680852624</coordinates>
    </Point>
  </Placemark>
  <Placemark id="LF5753">
    <name>LF5753 - Rémeling</name>
    <description>Base ULM Autorisation OBLIGATOIRE </description>
    <Point>
      <coordinates>6.476944444444371,49.411944444444</coordinates>
    </Point>
  </Placemark>
  <Placemark id="LF5754">
    <name>LF5754 - Folschviller</name>
    <description>Base ULM ouverte tous types</description>
    <Point>
      <coordinates>6.666426658630371,49.074371936671</coordinates>
    </Point>
  </Placemark>
  <Placemark id="LF5755">
    <name>LF5755 - Zoufftgen</name>
    <description>Base ULM Autorisation OBLIGATOIRE </description>
    <Point>
      <coordinates>6.125435829162598,49.449057928136</coordinates>
    </Point>
  </Placemark>
  <Placemark id="LF5757">
    <name>LF5757 - Cappel</name>
    <description>Base ULM Autorisation OBLIGATOIRE </description>
    <Point>
      <coordinates>6.841242645507805,49.073618270388</coordinates>
    </Point>
  </Placemark>
  <Placemark id="LF5758">
    <name>LF5758 - Mosailes en Moselle</name>
    <description>Base Paramoteurs accès limité Autorisation OBLIGATOIRE </description>
    <Point>
      <coordinates>6.8640947341918945,49.035888271962</coordinates>
    </Point>
  </Placemark>
  <Placemark id="LF5759">
    <name>LF5759 - Les ailes de Rohrbach</name>
    <description>Base ULM Accès privé</description>
    <Point>
      <coordinates>7.254444,49.045278</coordinates>
    </Point>
  </Placemark>
  <Placemark id="LF5760">
    <name>LF5760 - Cann&#039;Air</name>
    <description>Base ULM Accès privé</description>
    <Point>
      <coordinates>6.287655830383301,49.34472558936023</coordinates>
    </Point>
  </Placemark>
  <Placemark id="LF5761">
    <name>LF5761 - Arc-En-Ciel Paramoteurs</name>
    <description>Base Paramoteurs Privé Avec Restrictions Autorisation OBLIGATOIRE </description>
    <Point>
      <coordinates>6.035232518514022,49.376334644866</coordinates>
    </Point>
  </Placemark>
  <Placemark id="LF5764">
    <name>LF5764 - Saint Georges</name>
    <description>Base ULM Accès privé</description>
    <Point>
      <coordinates>6.935479736328034,48.651810790782</coordinates>
    </Point>
  </Placemark>
  <Placemark id="LF5765">
    <name>LF5765 - ULM HIGHLANDER</name>
    <description>Base ULM Accès privé</description>
    <Point>
      <coordinates>6.9916988372801825,49.121651925305</coordinates>
    </Point>
  </Placemark>
  <Placemark id="LF5766">
    <name>LF5766 - Langatte Aéro Passion</name>
    <description>Base ULM Privé Avec Restrictions Autorisation OBLIGATOIRE </description>
    <Point>
      <coordinates>6.964997378879305,48.753293464554886</coordinates>
    </Point>
  </Placemark>
  <Placemark id="LF5767">
    <name>LF5767 - Alzing</name>
    <description>Base ULM Accès privé</description>
    <Point>
      <coordinates>6.549986756591815,49.27043980519314</coordinates>
    </Point>
  </Placemark>
  <Placemark id="LF5825">
    <name>LF5825 - Ville Langy</name>
    <description>Aérodrome Privé Ouvert aux ULM</description>
    <Point>
      <coordinates>3.490207878295905,46.947487320836</coordinates>
    </Point>
  </Placemark>
  <Placemark id="LF5826">
    <name>LF5826 - Champlemy</name>
    <description>Aérodrome Privé Ouvert aux ULM</description>
    <Point>
      <coordinates>3.363370026482464,47.290933201856866</coordinates>
    </Point>
  </Placemark>
  <Placemark id="LF5827">
    <name>LF5827 - Luzy</name>
    <description>Base ULM Autorisation OBLIGATOIRE </description>
    <Point>
      <coordinates>3.9831966276778985,46.77910980076</coordinates>
    </Point>
  </Placemark>
  <Placemark id="LF5852">
    <name>LF5852 - La Collancelle</name>
    <description>Base ULM ouverte tous types</description>
    <Point>
      <coordinates>3.6441028118133545,47.191068578308744</coordinates>
    </Point>
  </Placemark>
  <Placemark id="LF5854">
    <name>LF5854 - Béard</name>
    <description>Base ULM ouverte tous types</description>
    <Point>
      <coordinates>3.335895538330078,46.864651223845</coordinates>
    </Point>
  </Placemark>
  <Placemark id="LF5930">
    <name>LF5930 - Herlies</name>
    <description>Base ULM Autorisation OBLIGATOIRE </description>
    <Point>
      <coordinates>2.8388330819871044,50.58529669848424</coordinates>
    </Point>
  </Placemark>
  <Placemark id="LF5953">
    <name>LF5953 - Bonavis</name>
    <description>Aérodrome privé. Pas de visiteurs.</description>
    <Point>
      <coordinates>3.195996886230432,50.084203897068925</coordinates>
    </Point>
  </Placemark>
  <Placemark id="LF5954">
    <name>LF5954 - Pont toussaint</name>
    <description>Base ULM Accès privé</description>
    <Point>
      <coordinates>3.7747332856217675,50.35080414241084</coordinates>
    </Point>
  </Placemark>
  <Placemark id="LF6023">
    <name>LF6023 - Frétoy le Château</name>
    <description>Aérodrome Privé Avec Restrictions Autorisation OBLIGATOIRE </description>
    <Point>
      <coordinates>2.968055999999933,49.6675</coordinates>
    </Point>
  </Placemark>
  <Placemark id="LF6025">
    <name>LF6025 - St Thibault - Ménantissard</name>
    <description>Base ULM Accès privé</description>
    <Point>
      <coordinates>1.8123445454773446,49.69341273057124</coordinates>
    </Point>
  </Placemark>
  <Placemark id="LF6026">
    <name>LF6026 - Flavacourt</name>
    <description>Base ULM Accès privé</description>
    <Point>
      <coordinates>1.8133739047580093,49.35081687753893</coordinates>
    </Point>
  </Placemark>
  <Placemark id="LF6051">
    <name>LF6051 - Mouy</name>
    <description>Aérodrome Privé Ouvert aux ULM</description>
    <Point>
      <coordinates>2.3013432212486578,49.314829320999</coordinates>
    </Point>
  </Placemark>
  <Placemark id="LF6052">
    <name>LF6052 - Levignen paramoteur 60</name>
    <description>Base Paramoteurs Privée Ouverte aux ULM sur autorisation</description>
    <Point>
      <coordinates>2.9372726391842052,49.19719768533244</coordinates>
    </Point>
  </Placemark>
  <Placemark id="LF6152">
    <name>LF6152 - BELLEME St Germain de la Coudr</name>
    <description>Base ULM Autorisation OBLIGATOIRE </description>
    <Point>
      <coordinates>0.5811111111111131,48.300555555555555</coordinates>
    </Point>
  </Placemark>
  <Placemark id="LF6153">
    <name>LF6153 - Le Cerisier</name>
    <description>Base ULM Accès privé</description>
    <Point>
      <coordinates>-0.7717654211980385,48.48654681326821</coordinates>
    </Point>
  </Placemark>
  <Placemark id="LF6154">
    <name>LF6154 - Le Plantis</name>
    <description>Hélistation privée. Autorisation OBLIGATOIRE</description>
    <Point>
      <coordinates>0.3914431997222856,48.60236183890725</coordinates>
    </Point>
  </Placemark>
  <Placemark id="LF6224">
    <name>LF6224 - Frevent</name>
    <description>Base ULM Autorisation OBLIGATOIRE </description>
    <Point>
      <coordinates>2.30269322395327,50.278105393203</coordinates>
    </Point>
  </Placemark>
  <Placemark id="LF6225">
    <name>LF6225 - Vitry en Artois</name>
    <description>Base ULM Accès privé</description>
    <Point>
      <coordinates>2.996758,50.338043</coordinates>
    </Point>
  </Placemark>
  <Placemark id="LF6251">
    <name>LF6251 - Boulogne sur Mer</name>
    <description>Aérodrome Privé Ouvert aux ULM</description>
    <Point>
      <coordinates>1.5698758608228358,50.69482323596252</coordinates>
    </Point>
  </Placemark>
  <Placemark id="LF6252">
    <name>LF6252 - Verchocq</name>
    <description>Aérodrome Privé Ouvert aux ULM</description>
    <Point>
      <coordinates>2.03507156478031,50.54160885439076</coordinates>
    </Point>
  </Placemark>
  <Placemark id="LF6321">
    <name>LF6321 - Saint Priest des Champs</name>
    <description>Base ULM Accès limité Autorisation OBLIGATOIRE </description>
    <Point>
      <coordinates>2.748631,45.959198</coordinates>
    </Point>
  </Placemark>
  <Placemark id="LF6323">
    <name>LF6323 - La Rochette Sauvagnat</name>
    <description>Aérodrome privé fermé temporairement</description>
    <Point>
      <coordinates>2.60277777777776,45.768175300344</coordinates>
    </Point>
  </Placemark>
  <Placemark id="LF6324">
    <name>LF6324 - Charbonnières les Vieilles</name>
    <description>Base ULM ouverte tous types</description>
    <Point>
      <coordinates>3.0238997951507827,46.013544051691</coordinates>
    </Point>
  </Placemark>
  <Placemark id="LF6326">
    <name>LF6326 - Jayet Gannat</name>
    <description>Base ULM Autorisation OBLIGATOIRE </description>
    <Point>
      <coordinates>3.199339,46.071385</coordinates>
    </Point>
  </Placemark>
  <Placemark id="LF6329">
    <name>LF6329 - Aubiat Sardon </name>
    <description>Règles spécifiques d&#039;accès</description>
    <Point>
      <coordinates>3.2275161414677314,45.97973100532666</coordinates>
    </Point>
  </Placemark>
  <Placemark id="LF6330">
    <name>LF6330 - St Gal sur Sioule Les Tabarias</name>
    <description>Base ULM Autorisation OBLIGATOIRE </description>
    <Point>
      <coordinates>2.9918110370635986,46.110752938619</coordinates>
    </Point>
  </Placemark>
  <Placemark id="LF6352">
    <name>LF6352 - Grand Prouilhat - Maringues</name>
    <description>Base ULM Autorisation OBLIGATOIRE </description>
    <Point>
      <coordinates>3.3163888888889232,45.93277777777778</coordinates>
    </Point>
  </Placemark>
  <Placemark id="LF6353">
    <name>LF6353 - Tinlhat Billom</name>
    <description>Base ULM Autorisation OBLIGATOIRE </description>
    <Point>
      <coordinates>3.2993531227111816,45.72973777533835</coordinates>
    </Point>
  </Placemark>
  <Placemark id="LF6354">
    <name>LF6354 - Verneugheol</name>
    <description>Base ULM Autorisation OBLIGATOIRE </description>
    <Point>
      <coordinates>2.5039127195434503,45.767992766391</coordinates>
    </Point>
  </Placemark>
  <Placemark id="LF6355">
    <name>LF6355 - Le Vernet Ste Marguerite</name>
    <description>Base ULM Autorisation OBLIGATOIRE </description>
    <Point>
      <coordinates>2.945878814819366,45.611456612076</coordinates>
    </Point>
  </Placemark>
  <Placemark id="LF6356">
    <name>LF6356 - Saint-Julien Sancy</name>
    <description>Base ULM Autorisation OBLIGATOIRE </description>
    <Point>
      <coordinates>2.674520145507813,45.660859603668</coordinates>
    </Point>
  </Placemark>
  <Placemark id="LF6357">
    <name>LF6357 - Bort l&#039;Etang</name>
    <description>Aérodrome Privé Ouvert aux ULM</description>
    <Point>
      <coordinates>3.436400046279914,45.7953901366884</coordinates>
    </Point>
  </Placemark>
  <Placemark id="LF6358">
    <name>LF6358 - Sailles Saint-Nectaire</name>
    <description>Base ULM Autorisation OBLIGATOIRE </description>
    <Point>
      <coordinates>3.002516929112118,45.5961499640662</coordinates>
    </Point>
  </Placemark>
  <Placemark id="LF6359">
    <name>LF6359 - La Sauvetat Aubusson dAuvergne</name>
    <description>Base ULM. Usage strictement privé (pas de visiteurs).</description>
    <Point>
      <coordinates>3.5839659481723807,45.75594699884496</coordinates>
    </Point>
  </Placemark>
  <Placemark id="LF6422">
    <name>LF6422 - Boeil Bezing</name>
    <description>Aérodrome Privé Avec Restrictions Autorisation OBLIGATOIRE </description>
    <Point>
      <coordinates>-0.2132062037048854,43.245121696229</coordinates>
    </Point>
  </Placemark>
  <Placemark id="LF6425">
    <name>LF6425 - Gurmençon</name>
    <description>Base ULM Accès privé</description>
    <Point>
      <coordinates>-0.6066679497375844,43.159846915584</coordinates>
    </Point>
  </Placemark>
  <Placemark id="LF6427">
    <name>LF6427 - Maslacq</name>
    <description>Aérodrome Privé Avec Restrictions Autorisation OBLIGATOIRE </description>
    <Point>
      <coordinates>-0.6951063386230771,43.4466947432266</coordinates>
    </Point>
  </Placemark>
  <Placemark id="LF6428">
    <name>LF6428 - Escary Aramits</name>
    <description>AltiSurface. Contact préalable impératif.</description>
    <Point>
      <coordinates>-0.741352,43.120602</coordinates>
    </Point>
  </Placemark>
  <Placemark id="LF6429">
    <name>LF6429 - Base ULM les Palmiers</name>
    <description>Base ULM Accès privé</description>
    <Point>
      <coordinates>-0.288048,43.494627</coordinates>
    </Point>
  </Placemark>
  <Placemark id="LF6431">
    <name>LF6431 - Navarrenx</name>
    <description>Base ULM Accès privé</description>
    <Point>
      <coordinates>-0.7103212777404906,43.34058101095717</coordinates>
    </Point>
  </Placemark>
  <Placemark id="LF6432">
    <name>LF6432 - Ozenx Montrestrucq</name>
    <description>Base ULM Autorisation OBLIGATOIRE </description>
    <Point>
      <coordinates>-0.800005364418098,43.43376887653388</coordinates>
    </Point>
  </Placemark>
  <Placemark id="LF6451">
    <name>LF6451 - Andoins</name>
    <description>Base ULM Accès limité Autorisation OBLIGATOIRE </description>
    <Point>
      <coordinates>-0.23614168167114258,43.297370191720084</coordinates>
    </Point>
  </Placemark>
  <Placemark id="LF6452">
    <name>LF6452 - Sames </name>
    <description>Base ULM Accès limité Autorisation OBLIGATOIRE </description>
    <Point>
      <coordinates>-1.1827779999999848,43.538056</coordinates>
    </Point>
  </Placemark>
  <Placemark id="LF6454">
    <name>LF6454 - Malaussanne</name>
    <description>Aérodrome Privé Avec Restrictions Autorisation OBLIGATOIRE </description>
    <Point>
      <coordinates>-0.47552673480902286,43.568550964173</coordinates>
    </Point>
  </Placemark>
  <Placemark id="LF6455">
    <name>LF6455 - Ponson Dessus</name>
    <description>Aérodrome Privé Avec Restrictions Autorisation OBLIGATOIRE </description>
    <Point>
      <coordinates>-0.06433832804361828,43.29530901281402</coordinates>
    </Point>
  </Placemark>
  <Placemark id="LF6456">
    <name>LF6456 - Sévignacq</name>
    <description>Base ULM Autorisation OBLIGATOIRE </description>
    <Point>
      <coordinates>-0.2812932968139421,43.448077026823</coordinates>
    </Point>
  </Placemark>
  <Placemark id="LF6457">
    <name>LF6457 - Saint Pée sur Nivelle</name>
    <description>Base Paramoteurs accès limité Autorisation OBLIGATOIRE </description>
    <Point>
      <coordinates>-1.52945048544143,43.338996534093326</coordinates>
    </Point>
  </Placemark>
  <Placemark id="LF6458">
    <name>LF6458 - Mesplède</name>
    <description>Base ULM Accès limité Autorisation OBLIGATOIRE </description>
    <Point>
      <coordinates>-0.657602787744147,43.510767582453596</coordinates>
    </Point>
  </Placemark>
  <Placemark id="LF6521">
    <name>LF6521 - Cabaliros</name>
    <description>AltiSurface en service </description>
    <Point>
      <coordinates>-0.13333333333332575,42.9525</coordinates>
    </Point>
  </Placemark>
  <Placemark id="LF6523">
    <name>LF6523 - Coumely</name>
    <description>Altisurface fermée</description>
    <Point>
      <coordinates>0.022222222222239907,42.7625</coordinates>
    </Point>
  </Placemark>
  <Placemark id="LF6524">
    <name>LF6524 - Ferrère Batmale</name>
    <description>AltiSurface en service </description>
    <Point>
      <coordinates>0.4988888888889278,42.888333333333335</coordinates>
    </Point>
  </Placemark>
  <Placemark id="LF6525">
    <name>LF6525 - La Serre d&#039;Aulon</name>
    <description>AltiSurface en service </description>
    <Point>
      <coordinates>0.2722222222222399,42.836111111111</coordinates>
    </Point>
  </Placemark>
  <Placemark id="LF6526">
    <name>LF6526 - Quatre Veziaux</name>
    <description>AltiSurface en service </description>
    <Point>
      <coordinates>0.29972222222227174,42.89222222222222</coordinates>
    </Point>
  </Placemark>
  <Placemark id="LF6527">
    <name>LF6527 - Artigues</name>
    <description>AltiSurface en service </description>
    <Point>
      <coordinates>-0.003428,43.071812</coordinates>
    </Point>
  </Placemark>
  <Placemark id="LF6528">
    <name>LF6528 - Castillon  de la Laquette</name>
    <description>AltiSurface en service </description>
    <Point>
      <coordinates>0.100555555555502,42.89555555555555</coordinates>
    </Point>
  </Placemark>
  <Placemark id="LF6529">
    <name>LF6529 - Hautacam</name>
    <description>AltiSurface en service </description>
    <Point>
      <coordinates>-0.014143165896257415,42.99334813378019</coordinates>
    </Point>
  </Placemark>
  <Placemark id="LF6530">
    <name>LF6530 - Sadournin</name>
    <description>Aérodrome Privé Ouvert aux ULM</description>
    <Point>
      <coordinates>0.41660262698360384,43.326068571035</coordinates>
    </Point>
  </Placemark>
  <Placemark id="LF6532">
    <name>LF6532 - Sauveterre</name>
    <description>Aérodrome Privé Ouvert aux ULM</description>
    <Point>
      <coordinates>0.07822766137701365,43.474377145239</coordinates>
    </Point>
  </Placemark>
  <Placemark id="LF6534">
    <name>LF6534 - Sarriac Bigorre</name>
    <description>Aérodrome Privé Ouvert aux ULM</description>
    <Point>
      <coordinates>0.13414169311522528,43.382579027174</coordinates>
    </Point>
  </Placemark>
  <Placemark id="LF6536">
    <name>LF6536 - Vallon des Bergons</name>
    <description>Aérodrome Privé Ouvert aux ULM</description>
    <Point>
      <coordinates>-0.17806862831116632,43.01967791260708</coordinates>
    </Point>
  </Placemark>
  <Placemark id="LF6538">
    <name>LF6538 - Anères</name>
    <description>Base ULM Autorisation OBLIGATOIRE </description>
    <Point>
      <coordinates>0.4663888888889005,43.08083333333333</coordinates>
    </Point>
  </Placemark>
  <Placemark id="LF6539">
    <name>LF6539 - Labatut Rivière</name>
    <description>Base ULM fermée temporairement </description>
    <Point>
      <coordinates>0.034792,43.521096</coordinates>
    </Point>
  </Placemark>
  <Placemark id="LF6540">
    <name>LF6540 - Larreule</name>
    <description>Aérodrome Privé Ouvert aux ULM</description>
    <Point>
      <coordinates>0.03994789289856726,43.441383181264</coordinates>
    </Point>
  </Placemark>
  <Placemark id="LF6551">
    <name>LF6551 - Luquet</name>
    <description>Base ULM Autorisation OBLIGATOIRE </description>
    <Point>
      <coordinates>-0.117483,43.241891</coordinates>
    </Point>
  </Placemark>
  <Placemark id="LF6552">
    <name>LF6552 - Rabastens de Bigorre</name>
    <description>Aérodrome Privé Avec Restrictions Autorisation OBLIGATOIRE </description>
    <Point>
      <coordinates>0.1618991851806495,43.378005812769786</coordinates>
    </Point>
  </Placemark>
  <Placemark id="LF6553">
    <name>LF6553 - Vic en Bigorre</name>
    <description>Base ULM Autorisation OBLIGATOIRE </description>
    <Point>
      <coordinates>0.10163001454156984,43.393243108364295</coordinates>
    </Point>
  </Placemark>
  <Placemark id="LF6554">
    <name>LF6554 - Fontrailles</name>
    <description>Base ULM Autorisation OBLIGATOIRE </description>
    <Point>
      <coordinates>0.3593311672393611,43.346321872829</coordinates>
    </Point>
  </Placemark>
  <Placemark id="LF6555">
    <name>LF6555 - Plateau de Monhaillat</name>
    <description>AltiSurface en service </description>
    <Point>
      <coordinates>0.12777777777773736,42.911388888889</coordinates>
    </Point>
  </Placemark>
  <Placemark id="LF6621">
    <name>LF6621 - Coste del Palm</name>
    <description>AltiSurface en service </description>
    <Point>
      <coordinates>2.011111111111177,42.608333333333</coordinates>
    </Point>
  </Placemark>
  <Placemark id="LF6622">
    <name>LF6622 - Col de la Marrano</name>
    <description>AltiSurface en service </description>
    <Point>
      <coordinates>2.166667,42.6625</coordinates>
    </Point>
  </Placemark>
  <Placemark id="LF6623">
    <name>LF6623 - Mont Llaret Pic d&#039;Aude</name>
    <description>AltiSurface en service </description>
    <Point>
      <coordinates>2.038889,42.575</coordinates>
    </Point>
  </Placemark>
  <Placemark id="LF6624">
    <name>LF6624 - Clos de Legua</name>
    <description>AltiSurface en service </description>
    <Point>
      <coordinates>2.038889,42.654167</coordinates>
    </Point>
  </Placemark>
  <Placemark id="LF6625">
    <name>LF6625 - Hippopotame</name>
    <description>AltiSurface en service </description>
    <Point>
      <coordinates>2.047222,42.477778</coordinates>
    </Point>
  </Placemark>
  <Placemark id="LF6626">
    <name>LF6626 - Mont Llaret Roc d&#039;Aude</name>
    <description>AltiSurface en service </description>
    <Point>
      <coordinates>2.025,42.580556</coordinates>
    </Point>
  </Placemark>
  <Placemark id="LF6627">
    <name>LF6627 - Plateau de la Calme</name>
    <description>AltiSurface en service </description>
    <Point>
      <coordinates>2.004167,42.530556</coordinates>
    </Point>
  </Placemark>
  <Placemark id="LF6628">
    <name>LF6628 - Perpignan la Salanque</name>
    <description>Aérodrome Réservé Administrations Interdit CAP</description>
    <Point>
      <coordinates>3.001572,42.798083</coordinates>
    </Point>
  </Placemark>
  <Placemark id="LF6631">
    <name>LF6631 - Corneilla de la Rivière</name>
    <description>Base ULM Autorisation OBLIGATOIRE </description>
    <Point>
      <coordinates>2.7303747407227092,42.690783780053</coordinates>
    </Point>
  </Placemark>
  <Placemark id="LF6632">
    <name>LF6632 - Saint Génis</name>
    <description>Base ULM Autorisation OBLIGATOIRE </description>
    <Point>
      <coordinates>2.908826859792,42.546499548383</coordinates>
    </Point>
  </Placemark>
  <Placemark id="LF6633">
    <name>LF6633 - Mas Sarda</name>
    <description>Base ULM fermée temporairement </description>
    <Point>
      <coordinates>2.6522187063429037,42.681240761487466</coordinates>
    </Point>
  </Placemark>
  <Placemark id="LF6651">
    <name>LF6651 - Torreilles</name>
    <description>Aérodrome Privé Ouvert aux ULM</description>
    <Point>
      <coordinates>3.015807,42.745996</coordinates>
    </Point>
  </Placemark>
  <Placemark id="LF6652">
    <name>LF6652 - Air Galamus</name>
    <description>Base ULM Autorisation OBLIGATOIRE </description>
    <Point>
      <coordinates>2.4965227261811833,42.82051177536755</coordinates>
    </Point>
  </Placemark>
  <Placemark id="LF6654">
    <name>LF6654 - Llupia</name>
    <description>Base ULM Accès privé</description>
    <Point>
      <coordinates>2.7822721693250774,42.623699422126265</coordinates>
    </Point>
  </Placemark>
  <Placemark id="LF6655">
    <name>LF6655 - Saint Jean Pla de Corts</name>
    <description>Base ULM Autorisation OBLIGATOIRE </description>
    <Point>
      <coordinates>2.810590,42.519608</coordinates>
    </Point>
  </Placemark>
  <Placemark id="LF6656">
    <name>LF6656 - Montescot</name>
    <description>Base ULM Accès privé</description>
    <Point>
      <coordinates>2.9388890000000174,42.611667</coordinates>
    </Point>
  </Placemark>
  <Placemark id="LF6658">
    <name>LF6658 - Llauro</name>
    <description>Aérodrome fermé.</description>
    <Point>
      <coordinates>2.730906091266206,42.55027777777801</coordinates>
    </Point>
  </Placemark>
  <Placemark id="LF6659">
    <name>LF6659 - La Salanque Latécoère</name>
    <description>Hydrosurface fermée.</description>
    <Point>
      <coordinates>3,42.816666666667</coordinates>
    </Point>
  </Placemark>
  <Placemark id="LF6661">
    <name>LF6661 - ST LUC Passa</name>
    <description>Aérodrome privé. Pas de visiteurs.</description>
    <Point>
      <coordinates>2.816812972244267,42.57600287672764</coordinates>
    </Point>
  </Placemark>
  <Placemark id="LF6715">
    <name>LF6715 - Club Ulm Kogenheim</name>
    <description>Base ULM Accès privé</description>
    <Point>
      <coordinates>7.534722222222172,48.323055555556</coordinates>
    </Point>
  </Placemark>
  <Placemark id="LF6721">
    <name>LF6721 - Albé - Val de Villé</name>
    <description>Aérodrome Privé Ouvert aux ULM</description>
    <Point>
      <coordinates>7.330399649143278,48.34917234770277</coordinates>
    </Point>
  </Placemark>
  <Placemark id="LF6723">
    <name>LF6723 - Salmbach</name>
    <description>Base ULM Accès privé</description>
    <Point>
      <coordinates>8.070922861099234,48.967978944929</coordinates>
    </Point>
  </Placemark>
  <Placemark id="LF6724">
    <name>LF6724 - Wissembourg</name>
    <description>Base ULM Privé Avec Restrictions Autorisation OBLIGATOIRE </description>
    <Point>
      <coordinates>7.975869985458303,48.992476585066</coordinates>
    </Point>
  </Placemark>
  <Placemark id="LF6751">
    <name>LF6751 - Batzendorf</name>
    <description>Base ULM ouverte tous types</description>
    <Point>
      <coordinates>7.72666700000002,48.80304652931447</coordinates>
    </Point>
  </Placemark>
  <Placemark id="LF6752">
    <name>LF6752 - Trimbach</name>
    <description>Base ULM Accès privé</description>
    <Point>
      <coordinates>8.007777777777846,48.938055555556</coordinates>
    </Point>
  </Placemark>
  <Placemark id="LF6754">
    <name>LF6754 - Envol Ulm Alsace</name>
    <description>Base ULM Privé Avec Restrictions Autorisation OBLIGATOIRE </description>
    <Point>
      <coordinates>7.536728,48.151111</coordinates>
    </Point>
  </Placemark>
  <Placemark id="LF6755">
    <name>LF6755 - Hanau-Airport-Schillersdorf</name>
    <description>Base ULM Accès privé</description>
    <Point>
      <coordinates>7.51704702377333,48.870934847561585</coordinates>
    </Point>
  </Placemark>
  <Placemark id="LF6757">
    <name>LF6757 - Les Cigognes d&#039;Epfig</name>
    <description>Base ULM Autorisation OBLIGATOIRE </description>
    <Point>
      <coordinates>7.477790306939028,48.33847065517495</coordinates>
    </Point>
  </Placemark>
  <Placemark id="LF6758">
    <name>LF6758 - Adventure Paramoteur Alsace</name>
    <description>Base Paramoteurs Privée Ouverte aux ULM sur autorisation</description>
    <Point>
      <coordinates>7.7372157864440805,48.70915863716047</coordinates>
    </Point>
  </Placemark>
  <Placemark id="LF6759">
    <name>LF6759 - JO&#039;AILES ULM</name>
    <description>Base Paramoteurs Privé Avec Restrictions Autorisation OBLIGATOIRE </description>
    <Point>
      <coordinates>7.686076615025477,48.88842272660266</coordinates>
    </Point>
  </Placemark>
  <Placemark id="LF6821">
    <name>LF6821 - Masevaux</name>
    <description>Aérodrome Privé Ouvert aux ULM</description>
    <Point>
      <coordinates>6.946253555541944,47.804266653725</coordinates>
    </Point>
  </Placemark>
  <Placemark id="LF6822">
    <name>LF6822 - Vieux-Ferrette</name>
    <description>Base ULM Accès privé</description>
    <Point>
      <coordinates>7.306944444444412,47.51590579438721</coordinates>
    </Point>
  </Placemark>
  <Placemark id="LF6852">
    <name>LF6852 - Soppe</name>
    <description>Base ULM ouverte tous types</description>
    <Point>
      <coordinates>7.097029649490434,47.72546609657504</coordinates>
    </Point>
  </Placemark>
  <Placemark id="LF6951">
    <name>LF6951 - Saint Jean d&#039;Ardières</name>
    <description>Base ULM ouverte tous types</description>
    <Point>
      <coordinates>4.742778000000044,46.129444</coordinates>
    </Point>
  </Placemark>
  <Placemark id="LF6953">
    <name>LF6953 - Le Parasoir</name>
    <description>AltiSurface en service </description>
    <Point>
      <coordinates>4.555785083143974,46.03197181742679</coordinates>
    </Point>
  </Placemark>
  <Placemark id="LF7021">
    <name>LF7021 - Bucey les Gy</name>
    <description>Aérodrome Privé Ouvert aux ULM</description>
    <Point>
      <coordinates>5.871419906616211,47.41499180597738</coordinates>
    </Point>
  </Placemark>
  <Placemark id="LF7022">
    <name>LF7022 - Francourt</name>
    <description>Aérodrome Privé Ouvert aux ULM</description>
    <Point>
      <coordinates>5.73885440826416,47.655126232516</coordinates>
    </Point>
  </Placemark>
  <Placemark id="LF7023">
    <name>LF7023 - Saulnot</name>
    <description>Aérodrome Privé Ouvert aux ULM</description>
    <Point>
      <coordinates>6.644754409790039,47.567665988734</coordinates>
    </Point>
  </Placemark>
  <Placemark id="LF7025">
    <name>LF7025 - Tincey</name>
    <description>Base ULM Accès privé</description>
    <Point>
      <coordinates>5.78580379486084,47.606322183432184</coordinates>
    </Point>
  </Placemark>
  <Placemark id="LF7026">
    <name>LF7026 - Arc lès Gray</name>
    <description>Base ULM Accès privé</description>
    <Point>
      <coordinates>5.569124221801758,47.475650636459</coordinates>
    </Point>
  </Placemark>
  <Placemark id="LF7027">
    <name>LF7027 - Lambrey</name>
    <description>Base ULM Accès privé</description>
    <Point>
      <coordinates>5.938754081726074,47.7676857708</coordinates>
    </Point>
  </Placemark>
  <Placemark id="LF7028">
    <name>LF7028 - Venisey</name>
    <description>Aérodrome Privé Ouvert aux ULM</description>
    <Point>
      <coordinates>5.9989213943481445,47.834347169352</coordinates>
    </Point>
  </Placemark>
  <Placemark id="LF7029">
    <name>LF7029 - Senoncourt</name>
    <description>EPISODIQUE</description>
    <Point>
      <coordinates>6.0530805587768555,47.83233056619</coordinates>
    </Point>
  </Placemark>
  <Placemark id="LF7030">
    <name>LF7030 - Bay</name>
    <description>Base ULM Accès privé</description>
    <Point>
      <coordinates>5.7042646408081055,47.301424446879274</coordinates>
    </Point>
  </Placemark>
  <Placemark id="LF7032">
    <name>LF7032 - La Malachère</name>
    <description>Base ULM Autorisation OBLIGATOIRE </description>
    <Point>
      <coordinates>6.0703325271606445,47.448232221127</coordinates>
    </Point>
  </Placemark>
  <Placemark id="LF7033">
    <name>LF7033 - Gevigney</name>
    <description>Base ULM Accès privé</description>
    <Point>
      <coordinates>5.913150405883812,47.796864119275</coordinates>
    </Point>
  </Placemark>
  <Placemark id="LF7034">
    <name>LF7034 - Lacs de Bonnal</name>
    <description>HydroSurface privée. Autorisation OBLIGATOIRE </description>
    <Point>
      <coordinates>6.363868808746247,47.517869892637</coordinates>
    </Point>
  </Placemark>
  <Placemark id="LF7121">
    <name>LF7121 - Sagy</name>
    <description>Aérodrome Privé Ouvert aux ULM  Utilisation EPISODIQUE </description>
    <Point>
      <coordinates>5.35288528836054,46.615451366455</coordinates>
    </Point>
  </Placemark>
  <Placemark id="LF7124">
    <name>LF7124 - Le Creusot Le Gros Chaillot</name>
    <description>Base ULM Privé Avec Restrictions Autorisation OBLIGATOIRE </description>
    <Point>
      <coordinates>4.401497349209194,46.816741311235</coordinates>
    </Point>
  </Placemark>
  <Placemark id="LF7151">
    <name>LF7151 - La Clayette</name>
    <description>Base ULM Accès privé</description>
    <Point>
      <coordinates>4.297204613685608,46.302643973398496</coordinates>
    </Point>
  </Placemark>
  <Placemark id="LF7153">
    <name>LF7153 - Brancion</name>
    <description>Base ULM Privé Avec Restrictions Autorisation OBLIGATOIRE </description>
    <Point>
      <coordinates>4.792223394181974,46.53998789603498</coordinates>
    </Point>
  </Placemark>
  <Placemark id="LF7154">
    <name>LF7154 - ulm St Eusebe</name>
    <description>Base ULM Accès privé</description>
    <Point>
      <coordinates>4.449434099999962,46.7256448</coordinates>
    </Point>
  </Placemark>
  <Placemark id="LF7155">
    <name>LF7155 - Dompierre-la Mazille</name>
    <description>Base ULM fermée temporairement </description>
    <Point>
      <coordinates>4.24178787462165,46.652371436058026</coordinates>
    </Point>
  </Placemark>
  <Placemark id="LF7228">
    <name>LF7228 - Piacé</name>
    <description>Base ULM ouverte tous types</description>
    <Point>
      <coordinates>0.10402752513118685,48.271167623974456</coordinates>
    </Point>
  </Placemark>
  <Placemark id="LF7252">
    <name>LF7252 - Commerveil</name>
    <description>Base ULM Autorisation OBLIGATOIRE </description>
    <Point>
      <coordinates>0.3550000000000182,48.315556</coordinates>
    </Point>
  </Placemark>
  <Placemark id="LF7253">
    <name>LF7253 - Saint Pierre de Chevillé </name>
    <description>Base ULM Accès limité Autorisation OBLIGATOIRE </description>
    <Point>
      <coordinates>0.45224250793455667,47.633361919469</coordinates>
    </Point>
  </Placemark>
  <Placemark id="LF7258">
    <name>LF7258 - Beaumont Assé</name>
    <description>Base ULM Privé Avec Restrictions Autorisation OBLIGATOIRE </description>
    <Point>
      <coordinates>0.09946590211654893,48.19515050866</coordinates>
    </Point>
  </Placemark>
  <Placemark id="LF7262">
    <name>LF7262 - Saint-Léonard-des-Bois</name>
    <description>Base Paramoteurs Privée Ouverte aux ULM sur autorisation</description>
    <Point>
      <coordinates>-0.059357337805612254,48.36439000819197</coordinates>
    </Point>
  </Placemark>
  <Placemark id="LF7263">
    <name>LF7263 - Champ-Romet</name>
    <description>Base ULM Autorisation OBLIGATOIRE </description>
    <Point>
      <coordinates>0.45305555555555554,48.298611111111114</coordinates>
    </Point>
  </Placemark>
  <Placemark id="LF7322">
    <name>LF7322 - Glacier de l&#039;Etendard</name>
    <description>AltiSurface en service </description>
    <Point>
      <coordinates>6.166667,45.1625</coordinates>
    </Point>
  </Placemark>
  <Placemark id="LF7324">
    <name>LF7324 - Glacier de la Grande Motte</name>
    <description>AltiSurface en service </description>
    <Point>
      <coordinates>6.894445,45.425000</coordinates>
    </Point>
  </Placemark>
  <Placemark id="LF7325">
    <name>LF7325 - La Tovière</name>
    <description>AltiSurface en service </description>
    <Point>
      <coordinates>6.934167,45.465556</coordinates>
    </Point>
  </Placemark>
  <Placemark id="LF7327">
    <name>LF7327 - Val Thorens Alti</name>
    <description>AltiSurface en service </description>
    <Point>
      <coordinates>6.571953,45.281601</coordinates>
    </Point>
  </Placemark>
  <Placemark id="LF7328">
    <name>LF7328 - Valmorel</name>
    <description>Altisurface fermée</description>
    <Point>
      <coordinates>6.413164,45.455110</coordinates>
    </Point>
  </Placemark>
  <Placemark id="LF7331">
    <name>LF7331 - Saint Jean d&#039;Arves</name>
    <description>AltiSurface en service </description>
    <Point>
      <coordinates>6.253056000000015,45.188889</coordinates>
    </Point>
  </Placemark>
  <Placemark id="LF7332">
    <name>LF7332 - Valloire Bonnenuit</name>
    <description>AltiSurface en service </description>
    <Point>
      <coordinates>6.41875199007417,45.120690842379474</coordinates>
    </Point>
  </Placemark>
  <Placemark id="LF7333">
    <name>LF7333 - Tignes le Palet</name>
    <description>AltiSurface en service </description>
    <Point>
      <coordinates>6.883376248677564,45.450555555556015</coordinates>
    </Point>
  </Placemark>
  <Placemark id="LF7340">
    <name>LF7340 - Chanaz</name>
    <description>Base ULM fermée définitivement</description>
    <Point>
      <coordinates>5.790080,45.818892</coordinates>
    </Point>
  </Placemark>
  <Placemark id="LF7351">
    <name>LF7351 - Yenne</name>
    <description>Base ULM Autorisation OBLIGATOIRE </description>
    <Point>
      <coordinates>5.777077544982944,45.71330467386584</coordinates>
    </Point>
  </Placemark>
  <Placemark id="LF7421">
    <name>LF7421 - Col de Cenise</name>
    <description>AltiSurface en service </description>
    <Point>
      <coordinates>6.4500000000000455,46.020833333333336</coordinates>
    </Point>
  </Placemark>
  <Placemark id="LF7422">
    <name>LF7422 - Glacier d&#039;Argentière</name>
    <description>AltiSurface en service </description>
    <Point>
      <coordinates>E 007 00 00,N 45 56 30</coordinates>
    </Point>
  </Placemark>
  <Placemark id="LF7423">
    <name>LF7423 - Glacier de Talêfre</name>
    <description>AltiSurface en service </description>
    <Point>
      <coordinates>6.9833333333333485,45.90833333333333</coordinates>
    </Point>
  </Placemark>
  <Placemark id="LF7425">
    <name>LF7425 - Glacier du Tacul</name>
    <description>AltiSurface en service </description>
    <Point>
      <coordinates>6.937222,45.891667</coordinates>
    </Point>
  </Placemark>
  <Placemark id="LF7426">
    <name>LF7426 - Glacier du Tour</name>
    <description>AltiSurface en service </description>
    <Point>
      <coordinates>7,45.99999966666667</coordinates>
    </Point>
  </Placemark>
  <Placemark id="LF7430">
    <name>LF7430 - Saint Roch Mayères</name>
    <description>AltiSurface en service </description>
    <Point>
      <coordinates>6.58611099999996,45.95</coordinates>
    </Point>
  </Placemark>
  <Placemark id="LF7431">
    <name>LF7431 - Thollon les Mémises</name>
    <description>Base ULM Accès limité Autorisation OBLIGATOIRE </description>
    <Point>
      <coordinates>6.71665627116397,46.396763190386</coordinates>
    </Point>
  </Placemark>
  <Placemark id="LF7469">
    <name>LF7469 - Habère Poche</name>
    <description>Aérodrome Privé Avec Restrictions Autorisation OBLIGATOIRE </description>
    <Point>
      <coordinates>6.4639518578110255,46.27207547414809</coordinates>
    </Point>
  </Placemark>
  <Placemark id="LF7470">
    <name>LF7470 - Cervens</name>
    <description>Base ULM Autorisation OBLIGATOIRE </description>
    <Point>
      <coordinates>6.444918291015598,46.29273263144105</coordinates>
    </Point>
  </Placemark>
  <Placemark id="LF7621">
    <name>LF7621 - Lammerville</name>
    <description>Aérodrome Privé Ouvert aux ULM</description>
    <Point>
      <coordinates>0.973409,49.805674</coordinates>
    </Point>
  </Placemark>
  <Placemark id="LF7653">
    <name>LF7653 - Pavilly</name>
    <description>Base ULM Accès privé</description>
    <Point>
      <coordinates>0.9875269278136134,49.60100566830578</coordinates>
    </Point>
  </Placemark>
  <Placemark id="LF7654">
    <name>LF7654 - Bolleville</name>
    <description>Aérodrome Privé Avec Restrictions Autorisation OBLIGATOIRE </description>
    <Point>
      <coordinates>0.5525000000000091,49.600555555556</coordinates>
    </Point>
  </Placemark>
  <Placemark id="LF7655">
    <name>LF7655 - Le Mont Dolé</name>
    <description>Base ULM ouverte tous types</description>
    <Point>
      <coordinates>1.5792967401977194,49.89370332319958</coordinates>
    </Point>
  </Placemark>
  <Placemark id="LF7752">
    <name>LF7752 - Mondreville</name>
    <description>Base ULM Autorisation OBLIGATOIRE </description>
    <Point>
      <coordinates>2.5978803634643555,48.168546972543</coordinates>
    </Point>
  </Placemark>
  <Placemark id="LF7753">
    <name>LF7753 - Bray sur Seine</name>
    <description>Base ULM Accès privé</description>
    <Point>
      <coordinates>3.273141386243992,48.431900864422</coordinates>
    </Point>
  </Placemark>
  <Placemark id="LF7754">
    <name>LF7754 - Orgenoy</name>
    <description>EPISODIQUE</description>
    <Point>
      <coordinates>2.5764650515899348,48.494029632054094</coordinates>
    </Point>
  </Placemark>
  <Placemark id="LF7758">
    <name>LF7758 - Lfvz</name>
    <description>Base Paramoteurs accès limité Autorisation OBLIGATOIRE </description>
    <Point>
      <coordinates>2.6461715459823836,48.70866205647591</coordinates>
    </Point>
  </Placemark>
  <Placemark id="LF7852">
    <name>LF7852 - La Fontaine au Berger</name>
    <description>Base ULM Accès privé Utilisation EPISODIQUE </description>
    <Point>
      <coordinates>1.7290163040161133,48.582171964732</coordinates>
    </Point>
  </Placemark>
  <Placemark id="LF7853">
    <name>LF7853 - Thoiry</name>
    <description>Base ULM Privé Avec Restrictions Autorisation OBLIGATOIRE </description>
    <Point>
      <coordinates>1.7940069198608626,48.87556929903145</coordinates>
    </Point>
  </Placemark>
  <Placemark id="LF7854">
    <name>LF7854 - La Ferme des Prés</name>
    <description>Base ULM. Usage strictement privé (pas de visiteurs).</description>
    <Point>
      <coordinates>1.7906166076660384,48.827791107257</coordinates>
    </Point>
  </Placemark>
  <Placemark id="LF7922">
    <name>LF7922 - Chenay</name>
    <description>Aérodrome Privé Ouvert aux ULM</description>
    <Point>
      <coordinates>-0.016308,46.346409</coordinates>
    </Point>
  </Placemark>
  <Placemark id="LF7925">
    <name>LF7925 - Saint Amand sur Sèvre</name>
    <description>Aérodrome Privé Ouvert aux ULM</description>
    <Point>
      <coordinates>-0.8027192645602099,46.901256938963</coordinates>
    </Point>
  </Placemark>
  <Placemark id="LF7926">
    <name>LF7926 - Verrines sous Celles La Jonchè</name>
    <description>Aérodrome Privé Ouvert aux ULM</description>
    <Point>
      <coordinates>-0.20359049206535929,46.226399797063</coordinates>
    </Point>
  </Placemark>
  <Placemark id="LF7951">
    <name>LF7951 - Usseau</name>
    <description>Base ULM ouverte tous types</description>
    <Point>
      <coordinates>-0.6098270416259766,46.174867868081</coordinates>
    </Point>
  </Placemark>
  <Placemark id="LF7952">
    <name>LF7952 - Secondigny</name>
    <description>Base ULM Autorisation OBLIGATOIRE </description>
    <Point>
      <coordinates>-0.46361100000001443,46.636944</coordinates>
    </Point>
  </Placemark>
  <Placemark id="LF7953">
    <name>LF7953 - Le Grand Moiré</name>
    <description>Base ULM Accès privé</description>
    <Point>
      <coordinates>-0.1848626878526205,46.86000400271446</coordinates>
    </Point>
  </Placemark>
  <Placemark id="LF7955">
    <name>LF7955 - Asnières-en-Poitou</name>
    <description>Base ULM Accès privé</description>
    <Point>
      <coordinates>-0.201008,46.102274</coordinates>
    </Point>
  </Placemark>
  <Placemark id="LF8051">
    <name>LF8051 - Loeuilly</name>
    <description>Aérodrome Privé Ouvert aux ULM</description>
    <Point>
      <coordinates>2.215204,49.765425</coordinates>
    </Point>
  </Placemark>
  <Placemark id="LF8052">
    <name>LF8052 - Poix de Picardie</name>
    <description>Base ULM Accès privé</description>
    <Point>
      <coordinates>2.0020008087158203,49.78026646068878</coordinates>
    </Point>
  </Placemark>
  <Placemark id="LF8123">
    <name>LF8123 - Saint Affrique les Montagnes</name>
    <description>Base ULM Autorisation OBLIGATOIRE </description>
    <Point>
      <coordinates>2.211368,43.544725</coordinates>
    </Point>
  </Placemark>
  <Placemark id="LF8151">
    <name>LF8151 - L&#039;Isle sur Tarn - Saint Martin</name>
    <description>Base ULM Autorisation OBLIGATOIRE </description>
    <Point>
      <coordinates>1.820707153442413,43.856945506112815</coordinates>
    </Point>
  </Placemark>
  <Placemark id="LF8153">
    <name>LF8153 - La Ramière</name>
    <description>Base ULM Accès privé</description>
    <Point>
      <coordinates>1.8155872821807861,43.747599110478724</coordinates>
    </Point>
  </Placemark>
  <Placemark id="LF8154">
    <name>LF8154 - Saint Lieux les Lavaur</name>
    <description>Base ULM Autorisation OBLIGATOIRE </description>
    <Point>
      <coordinates>1.741076,43.761486</coordinates>
    </Point>
  </Placemark>
  <Placemark id="LF8155">
    <name>LF8155 - Coufouleux</name>
    <description>!! Type de terrain mal défini !!</description>
    <Point>
      <coordinates>1.718657,43.801698</coordinates>
    </Point>
  </Placemark>
  <Placemark id="LF8156">
    <name>LF8156 - Albi Castelvert</name>
    <description>Aérodrome Privé Ouvert aux ULM</description>
    <Point>
      <coordinates>2.121090888977051,43.829914058138</coordinates>
    </Point>
  </Placemark>
  <Placemark id="LF8159">
    <name>LF8159 - Roquemaure</name>
    <description>Base ULM Accès privé</description>
    <Point>
      <coordinates>1.605277955532074,43.821775136122</coordinates>
    </Point>
  </Placemark>
  <Placemark id="LF8160">
    <name>LF8160 - Rivières</name>
    <description>HydroSurface Restreinte Autorisation OBLIGATOIRE </description>
    <Point>
      <coordinates>1.9718238794195697,43.901719465455066</coordinates>
    </Point>
  </Placemark>
  <Placemark id="LF8161">
    <name>LF8161 - Bertre Magrin</name>
    <description>Base ULM Accès privé</description>
    <Point>
      <coordinates>1.9282555842183902,43.59969986719527</coordinates>
    </Point>
  </Placemark>
  <Placemark id="LF8222">
    <name>LF8222 - Beaumont de Lomagne</name>
    <description>Aérodrome privé fermé temporairement</description>
    <Point>
      <coordinates>0.9839898347854614,43.876493147658</coordinates>
    </Point>
  </Placemark>
  <Placemark id="LF8223">
    <name>LF8223 - Bouloc</name>
    <description>Aérodrome Privé Ouvert aux ULM</description>
    <Point>
      <coordinates>1.0805555555555202,44.307788874481</coordinates>
    </Point>
  </Placemark>
  <Placemark id="LF8225">
    <name>LF8225 - Caussade Septfonds</name>
    <description>Aérodrome Privé Avec Restrictions Autorisation OBLIGATOIRE </description>
    <Point>
      <coordinates>1.5972222222221717,44.18</coordinates>
    </Point>
  </Placemark>
  <Placemark id="LF8226">
    <name>LF8226 - Caylus</name>
    <description>Aérodrome Privé Ouvert aux ULM</description>
    <Point>
      <coordinates>1.7326104640960693,44.222637121383</coordinates>
    </Point>
  </Placemark>
  <Placemark id="LF8228">
    <name>LF8228 - Montaigu de Quercy Couloussac</name>
    <description>Aérodrome Privé Ouvert aux ULM</description>
    <Point>
      <coordinates>1.087254,44.364035</coordinates>
    </Point>
  </Placemark>
  <Placemark id="LF8233">
    <name>LF8233 - Pommevic</name>
    <description>Base ULM ouverte tous types</description>
    <Point>
      <coordinates>0.925861,44.084190</coordinates>
    </Point>
  </Placemark>
  <Placemark id="LF8234">
    <name>LF8234 - Fromissard</name>
    <description>Aérodrome Privé Interdit aux ULM Autorisation OBLIGATOIRE </description>
    <Point>
      <coordinates>1.2292206441803044,44.00415928286278</coordinates>
    </Point>
  </Placemark>
  <Placemark id="LF8252">
    <name>LF8252 - Maubec Solomiac</name>
    <description>Base ULM Accès privé</description>
    <Point>
      <coordinates>0.911388,43.788271</coordinates>
    </Point>
  </Placemark>
  <Placemark id="LF8253">
    <name>LF8253 - Léguille Monclar de Quercy</name>
    <description>Base ULM ouverte tous types</description>
    <Point>
      <coordinates>1.5560460090637207,43.96466576363527</coordinates>
    </Point>
  </Placemark>
  <Placemark id="LF8254">
    <name>LF8254 - Les Gardios Négrepelisse</name>
    <description>Base ULM ouverte tous types</description>
    <Point>
      <coordinates>1.5008783340454102,44.08083394440894</coordinates>
    </Point>
  </Placemark>
  <Placemark id="LF8255">
    <name>LF8255 - Banadets</name>
    <description>Base ULM ouverte tous types</description>
    <Point>
      <coordinates>1.2833134920654174,44.04821022830088</coordinates>
    </Point>
  </Placemark>
  <Placemark id="LF8257">
    <name>LF8257 - Labastide Saint Pierre</name>
    <description>Base ULM Accès privé</description>
    <Point>
      <coordinates>1.3645546445251284,43.898295166861</coordinates>
    </Point>
  </Placemark>
  <Placemark id="LF8259">
    <name>LF8259 - Fabas</name>
    <description>Base ULM Accès privé</description>
    <Point>
      <coordinates>1.3588929176330566,43.853832889577056</coordinates>
    </Point>
  </Placemark>
  <Placemark id="LF8261">
    <name>LF8261 - Nadesse</name>
    <description>Aérodrome Privé Avec Restrictions Autorisation OBLIGATOIRE </description>
    <Point>
      <coordinates>1.18702071825669,43.85405061720363</coordinates>
    </Point>
  </Placemark>
  <Placemark id="LF8262">
    <name>LF8262 - Boissay Ludovic</name>
    <description>Base ULM Accès privé</description>
    <Point>
      <coordinates>0.9816231798706188,44.10798366394824</coordinates>
    </Point>
  </Placemark>
  <Placemark id="LF8264">
    <name>LF8264 - La Ville Dieu</name>
    <description>Aérodrome fermé.</description>
    <Point>
      <coordinates>1.2178684234619368,44.025180276694726</coordinates>
    </Point>
  </Placemark>
  <Placemark id="LF8266">
    <name>LF8266 - Bourg de Visa</name>
    <description>Aérodrome Privé Ouvert aux ULM</description>
    <Point>
      <coordinates>0.9458677879611255,44.233565872595506</coordinates>
    </Point>
  </Placemark>
  <Placemark id="LF8267">
    <name>LF8267 - Brassac</name>
    <description>Aérodrome Privé Ouvert aux ULM</description>
    <Point>
      <coordinates>0.979503,44.224758</coordinates>
    </Point>
  </Placemark>
  <Placemark id="LF8324">
    <name>LF8324 - La Roquebrussanne</name>
    <description>Base ULM Autorisation OBLIGATOIRE </description>
    <Point>
      <coordinates>5.99704384803772,43.329267320656</coordinates>
    </Point>
  </Placemark>
  <Placemark id="LF8325">
    <name>LF8325 - Club Ulm de Thèmes</name>
    <description>Base ULM Accès privé</description>
    <Point>
      <coordinates>6.1269783174439,43.311514634353</coordinates>
    </Point>
  </Placemark>
  <Placemark id="LF8329">
    <name>LF8329 - Brue Auriac St Estève</name>
    <description>Base ULM Accès privé</description>
    <Point>
      <coordinates>5.916658,43.504556</coordinates>
    </Point>
  </Placemark>
  <Placemark id="LF8352">
    <name>LF8352 - Fréjus</name>
    <description>Base ULM Accès privé</description>
    <Point>
      <coordinates>6.697818349202391,43.423535932737515</coordinates>
    </Point>
  </Placemark>
  <Placemark id="LF8353">
    <name>LF8353 - Cogolin Grimaud</name>
    <description>Règles spécifiques d&#039;accès</description>
    <Point>
      <coordinates>6.543541828033419,43.25776113919136</coordinates>
    </Point>
  </Placemark>
  <Placemark id="LF8355">
    <name>LF8355 - Pourrières</name>
    <description>Base ULM Accès privé</description>
    <Point>
      <coordinates>5.711544457011759,43.479448673382635</coordinates>
    </Point>
  </Placemark>
  <Placemark id="LF8356">
    <name>LF8356 - Basse Maure</name>
    <description>Base ULM Accès limité Autorisation OBLIGATOIRE </description>
    <Point>
      <coordinates>6.315298676490784,43.52987076449859</coordinates>
    </Point>
  </Placemark>
  <Placemark id="LF8357">
    <name>LF8357 - Pampelonne</name>
    <description>AltiSurface. Contact préalable impératif.</description>
    <Point>
      <coordinates>6.1363908994751455,43.684068968423</coordinates>
    </Point>
  </Placemark>
  <Placemark id="LF8358">
    <name>LF8358 - Les Ailes du Soleil</name>
    <description>Base paramoteurs fermée définitivement.</description>
    <Point>
      <coordinates>6.723976135253906,43.414400347053</coordinates>
    </Point>
  </Placemark>
  <Placemark id="LF8359">
    <name>LF8359 - Golfe de Fréjus</name>
    <description>HydroSurface Libre Ouvert aux ULM Autorisation OBLIGATOIRE </description>
    <Point>
      <coordinates>6.698501205444245,43.334373953001</coordinates>
    </Point>
  </Placemark>
  <Placemark id="LF8360">
    <name>LF8360 - les Queyrons</name>
    <description>Base ULM fermée temporairement </description>
    <Point>
      <coordinates>6.311108767191627,43.346395195304</coordinates>
    </Point>
  </Placemark>
  <Placemark id="LF8361">
    <name>LF8361 - Golfe de Saint Tropez</name>
    <description>Hydrosurface fermée.</description>
    <Point>
      <coordinates>6.608979797363288,43.2726618782447</coordinates>
    </Point>
  </Placemark>
  <Placemark id="LF8363">
    <name>LF8363 - La Limate</name>
    <description>Base Paramoteurs Privée Ouverte aux ULM sur autorisation</description>
    <Point>
      <coordinates>5.882660,43.258817</coordinates>
    </Point>
  </Placemark>
  <Placemark id="LF8364">
    <name>LF8364 - Flayosc</name>
    <description>Base ULM Accès privé</description>
    <Point>
      <coordinates>6.318957901000999,43.537313143196</coordinates>
    </Point>
  </Placemark>
  <Placemark id="LF8365">
    <name>LF8365 - Bandol hydro</name>
    <description>Base ULM ouverte tous types</description>
    <Point>
      <coordinates>5.769163998191851,43.13667965834149</coordinates>
    </Point>
  </Placemark>
  <Placemark id="LF8421">
    <name>LF8421 - Saint Martin de Castillon</name>
    <description>Aérodrome Privé Ouvert aux ULM</description>
    <Point>
      <coordinates>5.550313216918994,43.853139143313</coordinates>
    </Point>
  </Placemark>
  <Placemark id="LF8424">
    <name>LF8424 - Coustellet</name>
    <description>Règles spécifiques d&#039;accès</description>
    <Point>
      <coordinates>5.157940,43.869291</coordinates>
    </Point>
  </Placemark>
  <Placemark id="LF8521">
    <name>LF8521 - Vendée Air Park</name>
    <description>Aérodrome Privé Ouvert aux ULM</description>
    <Point>
      <coordinates>-1.5764815291138348,46.49371750012665</coordinates>
    </Point>
  </Placemark>
  <Placemark id="LF8523">
    <name>LF8523 - Atlantic Air Park</name>
    <description>Aérodrome Privé Avec Restrictions Autorisation OBLIGATOIRE </description>
    <Point>
      <coordinates>-1.2404163439331342,46.462015069159065</coordinates>
    </Point>
  </Placemark>
  <Placemark id="LF8524">
    <name>LF8524 - Le Girouard</name>
    <description>Aérodrome Privé Ouvert aux ULM</description>
    <Point>
      <coordinates>-1.6067345555622978,46.57833825174958</coordinates>
    </Point>
  </Placemark>
  <Placemark id="LF8528">
    <name>LF8528 - Luçon</name>
    <description>Base ULM Autorisation OBLIGATOIRE </description>
    <Point>
      <coordinates>-1.1933684349060059,46.424716741888</coordinates>
    </Point>
  </Placemark>
  <Placemark id="LF8529">
    <name>LF8529 - Saint Laurent sur Sèvre</name>
    <description>Base ULM Accès privé</description>
    <Point>
      <coordinates>-0.9155130386352539,46.93801535183799</coordinates>
    </Point>
  </Placemark>
  <Placemark id="LF8551">
    <name>LF8551 - Breuil Barret</name>
    <description>Base ULM Autorisation OBLIGATOIRE </description>
    <Point>
      <coordinates>-0.6636106967926025,46.660629684109</coordinates>
    </Point>
  </Placemark>
  <Placemark id="LF8562">
    <name>LF8562 - Saint Philbert de Bouaine</name>
    <description>Base ULM Accès privé</description>
    <Point>
      <coordinates>-1.4922222222222223,47.02111111111111</coordinates>
    </Point>
  </Placemark>
  <Placemark id="LF8563">
    <name>LF8563 - Coëx La Boissière</name>
    <description>Aérodrome Privé Ouvert aux ULM</description>
    <Point>
      <coordinates>-1.7576408386230469,46.723564778941</coordinates>
    </Point>
  </Placemark>
  <Placemark id="LF8566">
    <name>LF8566 - Mouchamps</name>
    <description>Base ULM Accès privé</description>
    <Point>
      <coordinates>-1.030469724867089,46.80854021077774</coordinates>
    </Point>
  </Placemark>
  <Placemark id="LF8567">
    <name>LF8567 - la brossette </name>
    <description>Base ULM Autorisation OBLIGATOIRE </description>
    <Point>
      <coordinates>-1.305527687072754,46.82831865228</coordinates>
    </Point>
  </Placemark>
  <Placemark id="LF8568">
    <name>LF8568 - Les Fontenelles</name>
    <description>Base ULM Accès limité Autorisation OBLIGATOIRE </description>
    <Point>
      <coordinates>-1.4409324179755512,46.445318990716416</coordinates>
    </Point>
  </Placemark>
  <Placemark id="LF8569">
    <name>LF8569 - Les Guifettes</name>
    <description>Base ULM. Usage strictement privé (pas de visiteurs).</description>
    <Point>
      <coordinates>-1.18735831250377,46.42450557972366</coordinates>
    </Point>
  </Placemark>
  <Placemark id="LF8570">
    <name>LF8570 - Les Ailes de la Morière</name>
    <description>Base ULM Accès privé</description>
    <Point>
      <coordinates>-1.7438657354735976,46.626538332245374</coordinates>
    </Point>
  </Placemark>
  <Placemark id="LF8571">
    <name>LF8571 - Saint Aubin la Plaine</name>
    <description>Aérodrome Privé Ouvert aux ULM</description>
    <Point>
      <coordinates>-1.054808,46.518506</coordinates>
    </Point>
  </Placemark>
  <Placemark id="LF8572">
    <name>LF8572 - Saint Martin des Fontaines</name>
    <description>Aérodrome Privé Ouvert aux ULM</description>
    <Point>
      <coordinates>-0.9005880264892312,46.553712911640275</coordinates>
    </Point>
  </Placemark>
  <Placemark id="LF8573">
    <name>LF8573 - Sérigné-Coutigny 85</name>
    <description>Base ULM Accès privé</description>
    <Point>
      <coordinates>-0.8702281977489292,46.490280650532604</coordinates>
    </Point>
  </Placemark>
  <Placemark id="LF8621">
    <name>LF8621 - Le Fort d&#039;Aslonnes</name>
    <description>Aérodrome Privé Ouvert aux ULM</description>
    <Point>
      <coordinates>0.34170532707965773,46.43804571176538</coordinates>
    </Point>
  </Placemark>
  <Placemark id="LF8622">
    <name>LF8622 - Buxeuil Saint Rémy sur Creuse</name>
    <description>Aérodrome Privé Ouvert aux ULM</description>
    <Point>
      <coordinates>0.6693923105133415,46.949356710236714</coordinates>
    </Point>
  </Placemark>
  <Placemark id="LF8626">
    <name>LF8626 - Saint Secondin</name>
    <description>Base ULM Accès privé</description>
    <Point>
      <coordinates>0.5169574275390687,46.34686197984956</coordinates>
    </Point>
  </Placemark>
  <Placemark id="LF8627">
    <name>LF8627 - Archigny Chenevelles</name>
    <description>Base ULM Autorisation OBLIGATOIRE </description>
    <Point>
      <coordinates>0.656007853652949,46.69653336597146</coordinates>
    </Point>
  </Placemark>
  <Placemark id="LF8651">
    <name>LF8651 - Montmorillon</name>
    <description>Base ULM Autorisation OBLIGATOIRE </description>
    <Point>
      <coordinates>0.9483110904693604,46.390857200444</coordinates>
    </Point>
  </Placemark>
  <Placemark id="LF8652">
    <name>LF8652 - Pouançay</name>
    <description>Base ULM Autorisation OBLIGATOIRE </description>
    <Point>
      <coordinates>-0.07244558728029915,47.096141123818796</coordinates>
    </Point>
  </Placemark>
  <Placemark id="LF8653">
    <name>LF8653 - Availles Limouzine</name>
    <description>Aérodrome Privé Ouvert aux ULM</description>
    <Point>
      <coordinates>0.6951427459716797,46.128519321442</coordinates>
    </Point>
  </Placemark>
  <Placemark id="LF8654">
    <name>LF8654 - Brigueil le Chantre</name>
    <description>Base ULM Autorisation OBLIGATOIRE </description>
    <Point>
      <coordinates>1.0807717076568224,46.36697745051681</coordinates>
    </Point>
  </Placemark>
  <Placemark id="LF8726">
    <name>LF8726 - Base ULM Bellac Blanzac</name>
    <description>Base ULM Accès privé</description>
    <Point>
      <coordinates>1.0781117248535566,46.13013962326793</coordinates>
    </Point>
  </Placemark>
  <Placemark id="LF8752">
    <name>LF8752 - Libarderie Blond</name>
    <description>Base ULM Autorisation OBLIGATOIRE </description>
    <Point>
      <coordinates>0.985965776443436,46.05970315171</coordinates>
    </Point>
  </Placemark>
  <Placemark id="LF8753">
    <name>LF8753 - Gajoubert</name>
    <description>Aérodrome Privé Ouvert aux ULM</description>
    <Point>
      <coordinates>0.8581460740831517,46.122360883125</coordinates>
    </Point>
  </Placemark>
  <Placemark id="LF8755">
    <name>LF8755 - Azat le Ris</name>
    <description>Base ULM Privé Avec Restrictions Autorisation OBLIGATOIRE </description>
    <Point>
      <coordinates>1.0342634987029964,46.33230879125057</coordinates>
    </Point>
  </Placemark>
  <Placemark id="LF8757">
    <name>LF8757 - Bataillou</name>
    <description>Aérodrome Privé Ouvert aux ULM</description>
    <Point>
      <coordinates>0.7811833381653059,45.768782940456</coordinates>
    </Point>
  </Placemark>
  <Placemark id="LF8758">
    <name>LF8758 - Berneuil</name>
    <description>Aérodrome Privé Ouvert aux ULM</description>
    <Point>
      <coordinates>1.1016988531748666,46.051674112581</coordinates>
    </Point>
  </Placemark>
  <Placemark id="LF8759">
    <name>LF8759 - Saint Hilaire</name>
    <description>Base paramoteurs fermée définitivement.</description>
    <Point>
      <coordinates>1.3424562619323979,46.254735975878</coordinates>
    </Point>
  </Placemark>
  <Placemark id="LF8821">
    <name>LF8821 - La Tête des Champs</name>
    <description>AltiSurface en service </description>
    <Point>
      <coordinates>6.830556,47.916667</coordinates>
    </Point>
  </Placemark>
  <Placemark id="LF8851">
    <name>LF8851 - Ramonchamp</name>
    <description>Base ULM Autorisation OBLIGATOIRE </description>
    <Point>
      <coordinates>6.7546342698364015,47.895613548085656</coordinates>
    </Point>
  </Placemark>
  <Placemark id="LF8852">
    <name>LF8852 - Dropt</name>
    <description>AltiSurface en service </description>
    <Point>
      <coordinates>6.54210090637207,47.959058286801</coordinates>
    </Point>
  </Placemark>
  <Placemark id="LF8854">
    <name>LF8854 - Chateau d&#039;eau</name>
    <description>Base paramoteurs fermée définitivement.</description>
    <Point>
      <coordinates>5.834140575177003,48.10786459268279</coordinates>
    </Point>
  </Placemark>
  <Placemark id="LF8855">
    <name>LF8855 - Ville sur Illon</name>
    <description>Base ULM Autorisation OBLIGATOIRE </description>
    <Point>
      <coordinates>6.2158314534424335,48.181104595254716</coordinates>
    </Point>
  </Placemark>
  <Placemark id="LF8856">
    <name>LF8856 - Frain</name>
    <description>Base Paramoteurs Privée Ouverte aux ULM sur autorisation</description>
    <Point>
      <coordinates>5.873261497314468,48.09712631975428</coordinates>
    </Point>
  </Placemark>
  <Placemark id="LF8857">
    <name>LF8857 - Les Freys</name>
    <description>EPISODIQUE</description>
    <Point>
      <coordinates>6.826660641278077,48.21821485058588</coordinates>
    </Point>
  </Placemark>
  <Placemark id="LF8858">
    <name>LF8858 - La Grange Brulée</name>
    <description>Base ULM Autorisation OBLIGATOIRE </description>
    <Point>
      <coordinates>6.012561,48.057911</coordinates>
    </Point>
  </Placemark>
  <Placemark id="LF8922">
    <name>LF8922 - Courgenay</name>
    <description>Aérodrome Privé Ouvert aux ULM</description>
    <Point>
      <coordinates>3.5569444444444116,48.31589041276921</coordinates>
    </Point>
  </Placemark>
  <Placemark id="LF8928">
    <name>LF8928 - Perreux</name>
    <description>Base ULM ouverte tous types</description>
    <Point>
      <coordinates>3.1356315079956403,47.87493570194256</coordinates>
    </Point>
  </Placemark>
  <Placemark id="LF8929">
    <name>LF8929 - Treigny</name>
    <description>Base ULM ouverte tous types</description>
    <Point>
      <coordinates>3.1970107555389404,47.550905139219836</coordinates>
    </Point>
  </Placemark>
  <Placemark id="LF8951">
    <name>LF8951 - Cravant Vincelles</name>
    <description>Base ULM Accès privé</description>
    <Point>
      <coordinates>3.6633825302124023,47.69046803291</coordinates>
    </Point>
  </Placemark>
  <Placemark id="LF8952">
    <name>LF8952 - Vaufoin</name>
    <description>Base ULM ouverte tous types</description>
    <Point>
      <coordinates>3.356620178509502,48.10645670497276</coordinates>
    </Point>
  </Placemark>
  <Placemark id="LF8953">
    <name>LF8953 - Egriselles-le-Bocage</name>
    <description>Base ULM Accès privé</description>
    <Point>
      <coordinates>3.1686111111110904,48.116944444444</coordinates>
    </Point>
  </Placemark>
  <Placemark id="LF8954">
    <name>LF8954 - Voisines</name>
    <description>Base Paramoteurs Libre Ouvert aux ULM Autorisation OBLIGATOIRE </description>
    <Point>
      <coordinates>3.411839482000718,48.26527990190173</coordinates>
    </Point>
  </Placemark>
  <Placemark id="LF8955">
    <name>LF8955 - Saint Fargeau</name>
    <description>Base ULM Accès privé</description>
    <Point>
      <coordinates>3.106362819671631,47.621966132072</coordinates>
    </Point>
  </Placemark>
  <Placemark id="LF8957">
    <name>LF8957 - Saint Martin des Champs</name>
    <description>Base ULM Accès privé</description>
    <Point>
      <coordinates>3.044292082542597,47.66534282490008</coordinates>
    </Point>
  </Placemark>
  <Placemark id="LF9151">
    <name>LF9151 - Genevrelle</name>
    <description>Base ULM Autorisation OBLIGATOIRE </description>
    <Point>
      <coordinates>2.3492556799010345,48.388376853256</coordinates>
    </Point>
  </Placemark>
  <Placemark id="LF9152">
    <name>LF9152 - Boigny Méréville</name>
    <description>Base Paramoteurs Libre Ouvert aux ULM Autorisation OBLIGATOIRE </description>
    <Point>
      <coordinates>2.088621,48.329396</coordinates>
    </Point>
  </Placemark>
  <Placemark id="LF9154">
    <name>LF9154 - le fond du lary blanc</name>
    <description>Base Paramoteurs Privé Avec Restrictions Autorisation OBLIGATOIRE </description>
    <Point>
      <coordinates>2.3500301532592403,48.352164481908</coordinates>
    </Point>
  </Placemark>
  <Placemark id="LF9551">
    <name>LF9551 - Avernes</name>
    <description>Base Paramoteurs Libre Ouvert aux ULM Autorisation OBLIGATOIRE </description>
    <Point>
      <coordinates>1.8790268898010254,49.10573606380921</coordinates>
    </Point>
  </Placemark>
  <Placemark id="LFAB">
    <name>LFAB - Dieppe - Saint Aubin</name>
    <description>Aérodrome C.A.P. Libre d&#039;accès aux ULM  </description>
    <Point>
      <coordinates>1.083046402099626,49.883799664688866</coordinates>
    </Point>
  </Placemark>
  <Placemark id="LFAC">
    <name>LFAC - Calais Marck</name>
    <description>Aérodrome C.A.P. Libre d&#039;accès aux ULM  </description>
    <Point>
      <coordinates>1.9548222275391254,50.961968258467806</coordinates>
    </Point>
  </Placemark>
  <Placemark id="LFAD">
    <name>LFAD - Compiègne Margny</name>
    <description>Aérodrome C.A.P. Libre d&#039;accès aux ULM  </description>
    <Point>
      <coordinates>2.8047222222222223,49.43361111111111</coordinates>
    </Point>
  </Placemark>
  <Placemark id="LFAE">
    <name>LFAE - Eu Mers - Le Tréport</name>
    <description>Aérodrome C.A.P. Libre d&#039;accès aux ULM  </description>
    <Point>
      <coordinates>1.4258941904704514,50.068638460853336</coordinates>
    </Point>
  </Placemark>
  <Placemark id="LFAF">
    <name>LFAF - Laon Chambry</name>
    <description>Aérodrome C.A.P. Libre d&#039;accès aux ULM  </description>
    <Point>
      <coordinates>3.634456164042149,49.596695642333195</coordinates>
    </Point>
  </Placemark>
  <Placemark id="LFAG">
    <name>LFAG - Péronne Saint Quentin</name>
    <description>Aérodrome C.A.P. Libre d&#039;accès aux ULM  </description>
    <Point>
      <coordinates>3.029722,49.868889</coordinates>
    </Point>
  </Placemark>
  <Placemark id="LFAI">
    <name>LFAI - Nangis - les Loges</name>
    <description>Aérodrome C.A.P. Libre d&#039;accès aux ULM  </description>
    <Point>
      <coordinates>3.0072659254074097,48.59669691123153</coordinates>
    </Point>
  </Placemark>
  <Placemark id="LFAJ">
    <name>LFAJ - Argentan</name>
    <description>Aérodrome C.A.P. Libre d&#039;accès aux ULM  </description>
    <Point>
      <coordinates>0.002778000000034808,48.709444</coordinates>
    </Point>
  </Placemark>
  <Placemark id="LFAK">
    <name>LFAK - Dunkerque - Les Moeres</name>
    <description>Aérodrome C.A.P. Libre d&#039;accès aux ULM  </description>
    <Point>
      <coordinates>2.5502350846556965,51.03981393716263</coordinates>
    </Point>
  </Placemark>
  <Placemark id="LFAL">
    <name>LFAL - La Flèche Thorée les Pins</name>
    <description>Aérodrome Restreint libre d&#039;accès aux ULM</description>
    <Point>
      <coordinates>-0.0019444444444616238,47.69277777777778</coordinates>
    </Point>
  </Placemark>
  <Placemark id="LFAM">
    <name>LFAM - Berck sur Mer</name>
    <description>Aérodrome C.A.P. Libre d&#039;accès aux ULM  </description>
    <Point>
      <coordinates>1.59582208996585,50.424669148256704</coordinates>
    </Point>
  </Placemark>
  <Placemark id="LFAO">
    <name>LFAO - Bagnoles de l&#039;Orne Couterne</name>
    <description>Aérodrome C.A.P. Libre d&#039;accès aux ULM  </description>
    <Point>
      <coordinates>-0.38671661376952216,48.54580184658984</coordinates>
    </Point>
  </Placemark>
  <Placemark id="LFAP">
    <name>LFAP - Rethel</name>
    <description>Aérodrome Restreint Ouvert aux ULM Autorisation OBLIGATOIRE </description>
    <Point>
      <coordinates>4.3633330000000115,49.481111</coordinates>
    </Point>
  </Placemark>
  <Placemark id="LFAQ">
    <name>LFAQ - Albert Bray</name>
    <description>Aérodrome C.A.P. Libre d&#039;accès aux ULM  </description>
    <Point>
      <coordinates>2.6925,49.97</coordinates>
    </Point>
  </Placemark>
  <Placemark id="LFAR">
    <name>LFAR - Montdidier</name>
    <description>Aérodrome Restreint Ouvert aux ULM Autorisation OBLIGATOIRE </description>
    <Point>
      <coordinates>2.567922455017083,49.67227836113152</coordinates>
    </Point>
  </Placemark>
  <Placemark id="LFAS">
    <name>LFAS - Falaise Monts d&#039;Eraines</name>
    <description>Aérodrome Restreint Ouvert aux ULM Autorisation OBLIGATOIRE </description>
    <Point>
      <coordinates>-0.14472222222218534,48.926944444444445</coordinates>
    </Point>
  </Placemark>
  <Placemark id="LFAT">
    <name>LFAT - Le Touquet Côte d&#039;Opale</name>
    <description>Aérodrome C.A.P. Libre d&#039;accès aux ULM  </description>
    <Point>
      <coordinates>1.6236376190186093,50.51745082174356</coordinates>
    </Point>
  </Placemark>
  <Placemark id="LFAU">
    <name>LFAU - Vauville</name>
    <description>Aérodrome Restreint Autorisation OBLIGATOIRE </description>
    <Point>
      <coordinates>-1.830000000000041,49.62277777777778</coordinates>
    </Point>
  </Placemark>
  <Placemark id="LFAV">
    <name>LFAV - Valenciennes Denain</name>
    <description>Aérodrome C.A.P. Ouvert aux ULM Autorisation OBLIGATOIRE </description>
    <Point>
      <coordinates>3.4655559999999923,50.324722</coordinates>
    </Point>
  </Placemark>
  <Placemark id="LFAW">
    <name>LFAW - Villerupt</name>
    <description>Aérodrome Restreint libre d&#039;accès aux ULM</description>
    <Point>
      <coordinates>5.886849571411176,49.40996963038554</coordinates>
    </Point>
  </Placemark>
  <Placemark id="LFAX">
    <name>LFAX - Mortagne au Perche</name>
    <description>Aérodrome C.A.P. Libre d&#039;accès aux ULM  </description>
    <Point>
      <coordinates>0.5341666666666924,48.539722222222224</coordinates>
    </Point>
  </Placemark>
  <Placemark id="LFAY">
    <name>LFAY - Amiens Glisy</name>
    <description>Aérodrome C.A.P. Ouvert aux ULM Autorisation OBLIGATOIRE </description>
    <Point>
      <coordinates>2.386944,49.873056</coordinates>
    </Point>
  </Placemark>
  <Placemark id="LFBA">
    <name>LFBA - Agen La Garenne</name>
    <description>Aérodrome C.A.P. Libre d&#039;accès aux ULM  </description>
    <Point>
      <coordinates>0.596306656127922,44.17361392174499</coordinates>
    </Point>
  </Placemark>
  <Placemark id="LFBC">
    <name>LFBC - Cazaux</name>
    <description>Aérodrome Réservé Administrations Interdit CAP</description>
    <Point>
      <coordinates>-1.1310456772461066,44.535456183072675</coordinates>
    </Point>
  </Placemark>
  <Placemark id="LFBD">
    <name>LFBD - Bordeaux-Mérignac</name>
    <description>Aérodrome C.A.P. Interdit aux ULM </description>
    <Point>
      <coordinates>W 000 42 55,N 44 49 43</coordinates>
    </Point>
  </Placemark>
  <Placemark id="LFBE">
    <name>LFBE - Bergerac - Roumanière</name>
    <description>Aérodrome C.A.P. Libre d&#039;accès aux ULM  </description>
    <Point>
      <coordinates>E 000 31 14,N 44 49 28</coordinates>
    </Point>
  </Placemark>
  <Placemark id="LFBF">
    <name>LFBF - Toulouse Francazal</name>
    <description>Aérodrome C.A.P. Ouvert aux ULM Autorisation OBLIGATOIRE </description>
    <Point>
      <coordinates>1.3658908995361116,43.54618091040344</coordinates>
    </Point>
  </Placemark>
  <Placemark id="LFBG">
    <name>LFBG - Cognac Chateaubernard</name>
    <description>Aérodrome Réservé Administrations Interdit CAP</description>
    <Point>
      <coordinates>W 000 19 03,N 45 39 30</coordinates>
    </Point>
  </Placemark>
  <Placemark id="LFBH">
    <name>LFBH - La Rochelle Ile de Ré</name>
    <description>Aérodrome C.A.P. Avec Restrictions Libre d&#039;accès aux ULM</description>
    <Point>
      <coordinates>-1.1952780000000303,46.179167</coordinates>
    </Point>
  </Placemark>
  <Placemark id="LFBI">
    <name>LFBI - Poitiers Biard</name>
    <description>Aérodrome C.A.P. Interdit aux ULM </description>
    <Point>
      <coordinates>0.30821195239263943,46.588915664667</coordinates>
    </Point>
  </Placemark>
  <Placemark id="LFBJ">
    <name>LFBJ - Saint Junien</name>
    <description>Aérodrome C.A.P. Libre d&#039;accès aux ULM  </description>
    <Point>
      <coordinates>0.9177446365356445,45.902104479247</coordinates>
    </Point>
  </Placemark>
  <Placemark id="LFBK">
    <name>LFBK - Montluçon Guéret</name>
    <description>Aérodrome C.A.P. Libre d&#039;accès aux ULM  </description>
    <Point>
      <coordinates>2.3650095979003254,46.21886629775042</coordinates>
    </Point>
  </Placemark>
  <Placemark id="LFBL">
    <name>LFBL - Limoges Bellegarde</name>
    <description>Aérodrome C.A.P. Libre d&#039;accès aux ULM  </description>
    <Point>
      <coordinates>1.1823329,45.862967</coordinates>
    </Point>
  </Placemark>
  <Placemark id="LFBM">
    <name>LFBM - Mont de Marsan</name>
    <description>Aérodrome Réservé Administrations Interdit CAP</description>
    <Point>
      <coordinates>-0.510000,43.911389</coordinates>
    </Point>
  </Placemark>
  <Placemark id="LFBN">
    <name>LFBN - Niort Marais Poitevin</name>
    <description>Aérodrome C.A.P. Libre d&#039;accès aux ULM  </description>
    <Point>
      <coordinates>-0.4042625427246094,46.31071505311518</coordinates>
    </Point>
  </Placemark>
  <Placemark id="LFBO">
    <name>LFBO - Toulouse Blagnac</name>
    <description>Aérodrome C.A.P. Ouvert aux ULM Autorisation OBLIGATOIRE </description>
    <Point>
      <coordinates>1.3590232697754345,43.63239090334457</coordinates>
    </Point>
  </Placemark>
  <Placemark id="LFBP">
    <name>LFBP - Pau Pyrénées</name>
    <description>Aérodrome C.A.P. Libre d&#039;accès aux ULM  </description>
    <Point>
      <coordinates>-0.41225952905278973,43.37797249493563</coordinates>
    </Point>
  </Placemark>
  <Placemark id="LFBR">
    <name>LFBR - Muret Lherm</name>
    <description>Aérodrome C.A.P. Libre d&#039;accès aux ULM  </description>
    <Point>
      <coordinates>1.263685,43.449274</coordinates>
    </Point>
  </Placemark>
  <Placemark id="LFBS">
    <name>LFBS - Biscarrosse Parentis</name>
    <description>Aérodrome C.A.P. Libre d&#039;accès aux ULM  </description>
    <Point>
      <coordinates>-1.132427,44.367459</coordinates>
    </Point>
  </Placemark>
  <Placemark id="LFBT">
    <name>LFBT - Tarbes Lourdes Pyrénées</name>
    <description>Aérodrome C.A.P. Libre d&#039;accès aux ULM  </description>
    <Point>
      <coordinates>-0.006726211669956683,43.17792043445983</coordinates>
    </Point>
  </Placemark>
  <Placemark id="LFBU">
    <name>LFBU - Angoulême Brie Champniers</name>
    <description>Aérodrome C.A.P. Libre d&#039;accès aux ULM  </description>
    <Point>
      <coordinates>0.21920991534420864,45.72944444444445</coordinates>
    </Point>
  </Placemark>
  <Placemark id="LFBX">
    <name>LFBX - Périgueux Bassillac</name>
    <description>Aérodrome C.A.P. Libre d&#039;accès aux ULM  </description>
    <Point>
      <coordinates>0.8152777777777801,45.1975</coordinates>
    </Point>
  </Placemark>
  <Placemark id="LFBY">
    <name>LFBY - Dax Seyresse</name>
    <description>Aérodrome C.A.P. Ouvert aux ULM Autorisation OBLIGATOIRE </description>
    <Point>
      <coordinates>-1.0659278412475715,43.6898496998782</coordinates>
    </Point>
  </Placemark>
  <Placemark id="LFBZ">
    <name>LFBZ - Biarritz Pays Basque</name>
    <description>Aérodrome C.A.P. Ouvert aux ULM Autorisation OBLIGATOIRE </description>
    <Point>
      <coordinates>-1.531111,43.468333</coordinates>
    </Point>
  </Placemark>
  <Placemark id="LFCA">
    <name>LFCA - Châtellerault Targe</name>
    <description>Aérodrome C.A.P. Libre d&#039;accès aux ULM  </description>
    <Point>
      <coordinates>0.5505560000000287,46.780278</coordinates>
    </Point>
  </Placemark>
  <Placemark id="LFCB">
    <name>LFCB - Bagnères de Luchon</name>
    <description>Aérodrome C.A.P. Libre d&#039;accès aux ULM  </description>
    <Point>
      <coordinates>0.6011111111110949,42.800555555556</coordinates>
    </Point>
  </Placemark>
  <Placemark id="LFCC">
    <name>LFCC - Cahors Lalbenque</name>
    <description>Aérodrome C.A.P. Libre d&#039;accès aux ULM  </description>
    <Point>
      <coordinates>1.4764165878295898,44.35177998659</coordinates>
    </Point>
  </Placemark>
  <Placemark id="LFCD">
    <name>LFCD - Andernos les Bains</name>
    <description>Aérodrome C.A.P. Libre d&#039;accès aux ULM  </description>
    <Point>
      <coordinates>-1.0650000000000545,44.755</coordinates>
    </Point>
  </Placemark>
  <Placemark id="LFCE">
    <name>LFCE - Guéret - Saint Laurent</name>
    <description>Aérodrome C.A.P. Libre d&#039;accès aux ULM  </description>
    <Point>
      <coordinates>1.9543863756714472,46.17653664481463</coordinates>
    </Point>
  </Placemark>
  <Placemark id="LFCF">
    <name>LFCF - Figeac Livernon</name>
    <description>Aérodrome C.A.P. Libre d&#039;accès aux ULM  </description>
    <Point>
      <coordinates>1.7880559999999832,44.6725</coordinates>
    </Point>
  </Placemark>
  <Placemark id="LFCG">
    <name>LFCG - Saint Girons Antichan</name>
    <description>Aérodrome C.A.P. Libre d&#039;accès aux ULM  </description>
    <Point>
      <coordinates>1.1030555555555566,43.007777777777775</coordinates>
    </Point>
  </Placemark>
  <Placemark id="LFCH">
    <name>LFCH - Arcachon La Teste de Buch</name>
    <description>Aérodrome C.A.P. Libre d&#039;accès aux ULM  </description>
    <Point>
      <coordinates>-1.113889,44.596944</coordinates>
    </Point>
  </Placemark>
  <Placemark id="LFCI">
    <name>LFCI - Albi le Séquestre</name>
    <description>Aérodrome C.A.P. Libre d&#039;accès aux ULM  </description>
    <Point>
      <coordinates>2.1166670000000067,43.913333</coordinates>
    </Point>
  </Placemark>
  <Placemark id="LFCJ">
    <name>LFCJ - Jonzac Neulles</name>
    <description>Aérodrome C.A.P. Libre d&#039;accès aux ULM  </description>
    <Point>
      <coordinates>-0.4210818941650132,45.48359759603274</coordinates>
    </Point>
  </Placemark>
  <Placemark id="LFCK">
    <name>LFCK - Castres Mazamet</name>
    <description>Aérodrome C.A.P. Ouvert aux ULM Autorisation OBLIGATOIRE </description>
    <Point>
      <coordinates>2.2890110476074597,43.55655504589523</coordinates>
    </Point>
  </Placemark>
  <Placemark id="LFCL">
    <name>LFCL - Toulouse Lasbordes</name>
    <description>Aérodrome C.A.P. Libre d&#039;accès aux ULM  </description>
    <Point>
      <coordinates>1.4986109999999826,43.587778</coordinates>
    </Point>
  </Placemark>
  <Placemark id="LFCM">
    <name>LFCM - Millau Larzac</name>
    <description>Aérodrome C.A.P. Libre d&#039;accès aux ULM  </description>
    <Point>
      <coordinates>3.1853929365234013,43.987067370989124</coordinates>
    </Point>
  </Placemark>
  <Placemark id="LFCN">
    <name>LFCN - Nogaro</name>
    <description>Aérodrome C.A.P. Libre d&#039;accès aux ULM  </description>
    <Point>
      <coordinates>-0.034722222222171695,43.76888888888889</coordinates>
    </Point>
  </Placemark>
  <Placemark id="LFCO">
    <name>LFCO - Oloron Herrère</name>
    <description>Aérodrome C.A.P. Libre d&#039;accès aux ULM  </description>
    <Point>
      <coordinates>W 000 33 37,N 43 09 53</coordinates>
    </Point>
  </Placemark>
  <Placemark id="LFCP">
    <name>LFCP - Pons Avy</name>
    <description>Aérodrome C.A.P. Libre d&#039;accès aux ULM  </description>
    <Point>
      <coordinates>-0.513611,45.565833</coordinates>
    </Point>
  </Placemark>
  <Placemark id="LFCQ">
    <name>LFCQ - Graulhet Montdragon</name>
    <description>Aérodrome C.A.P. Libre d&#039;accès aux ULM  </description>
    <Point>
      <coordinates>2.0077780000000303,43.768611</coordinates>
    </Point>
  </Placemark>
  <Placemark id="LFCR">
    <name>LFCR - Rodez Marcillac</name>
    <description>Aérodrome C.A.P. Ouvert aux ULM Autorisation OBLIGATOIRE </description>
    <Point>
      <coordinates>2.483333,44.4075</coordinates>
    </Point>
  </Placemark>
  <Placemark id="LFCS">
    <name>LFCS - Bordeaux Léognan Saucats</name>
    <description>Aérodrome C.A.P. Libre d&#039;accès aux ULM  </description>
    <Point>
      <coordinates>-0.597382,44.699288</coordinates>
    </Point>
  </Placemark>
  <Placemark id="LFCT">
    <name>LFCT - Thouars</name>
    <description>Aérodrome C.A.P. Libre d&#039;accès aux ULM  </description>
    <Point>
      <coordinates>-0.15651163494874254,46.964140632512546</coordinates>
    </Point>
  </Placemark>
  <Placemark id="LFCU">
    <name>LFCU - Ussel Thalamy</name>
    <description>Aérodrome C.A.P. Libre d&#039;accès aux ULM  </description>
    <Point>
      <coordinates>2.4247222222222717,45.535833333333336</coordinates>
    </Point>
  </Placemark>
  <Placemark id="LFCV">
    <name>LFCV - Villefranche de Rouergue</name>
    <description>Aérodrome C.A.P. Libre d&#039;accès aux ULM  </description>
    <Point>
      <coordinates>2.0269439999999577,44.368889</coordinates>
    </Point>
  </Placemark>
  <Placemark id="LFCW">
    <name>LFCW - Villeneuve sur Lot</name>
    <description>Aérodrome C.A.P. Libre d&#039;accès aux ULM  </description>
    <Point>
      <coordinates>0.7590383291244507,44.399268198357</coordinates>
    </Point>
  </Placemark>
  <Placemark id="LFCX">
    <name>LFCX - Castelsarrasin Moissac</name>
    <description>Aérodrome C.A.P. Libre d&#039;accès aux ULM  </description>
    <Point>
      <coordinates>1.1269444444444616,44.08583333333333</coordinates>
    </Point>
  </Placemark>
  <Placemark id="LFCY">
    <name>LFCY - Royan Medis</name>
    <description>Aérodrome C.A.P. Avec Restrictions Autorisation OBLIGATOIRE </description>
    <Point>
      <coordinates>-0.975555555555502,45.63111111111111</coordinates>
    </Point>
  </Placemark>
  <Placemark id="LFCZ">
    <name>LFCZ - Mimizan</name>
    <description>Aérodrome C.A.P. Libre d&#039;accès aux ULM  </description>
    <Point>
      <coordinates>-1.16592362963865,44.14601776813322</coordinates>
    </Point>
  </Placemark>
  <Placemark id="LFDA">
    <name>LFDA - Aire sur l&#039;Adour</name>
    <description>Aérodrome C.A.P. Libre d&#039;accès aux ULM  </description>
    <Point>
      <coordinates>-0.246836,43.707897</coordinates>
    </Point>
  </Placemark>
  <Placemark id="LFDB">
    <name>LFDB - Montauban</name>
    <description>Aérodrome C.A.P. Libre d&#039;accès aux ULM  </description>
    <Point>
      <coordinates>1.3769439999999804,44.026667</coordinates>
    </Point>
  </Placemark>
  <Placemark id="LFDC">
    <name>LFDC - Montendre Marcillac</name>
    <description>Aérodrome C.A.P. Libre d&#039;accès aux ULM  </description>
    <Point>
      <coordinates>-0.4529900105794695,45.27306750001113</coordinates>
    </Point>
  </Placemark>
  <Placemark id="LFDE">
    <name>LFDE - Égletons</name>
    <description>Aérodrome C.A.P. Libre d&#039;accès aux ULM  </description>
    <Point>
      <coordinates>2.0677779999999757,45.420556</coordinates>
    </Point>
  </Placemark>
  <Placemark id="LFDF">
    <name>LFDF - Sainte Foy La Grande</name>
    <description>Aérodrome C.A.P. Libre d&#039;accès aux ULM  </description>
    <Point>
      <coordinates>0.17606618518061623,44.852150669602</coordinates>
    </Point>
  </Placemark>
  <Placemark id="LFDG">
    <name>LFDG - Gaillac Lisle sur Tarn</name>
    <description>Aérodrome C.A.P. Libre d&#039;accès aux ULM  </description>
    <Point>
      <coordinates>1.8752777777777965,43.88351997066187</coordinates>
    </Point>
  </Placemark>
  <Placemark id="LFDH">
    <name>LFDH - Auch Gers</name>
    <description>Aérodrome C.A.P. Libre d&#039;accès aux ULM  </description>
    <Point>
      <coordinates>0.6000858306884993,43.68359232731509</coordinates>
    </Point>
  </Placemark>
  <Placemark id="LFDI">
    <name>LFDI - Libourne  Artigues de Lussac</name>
    <description>Aérodrome C.A.P. Libre d&#039;accès aux ULM  </description>
    <Point>
      <coordinates>-0.136111,44.985000</coordinates>
    </Point>
  </Placemark>
  <Placemark id="LFDJ">
    <name>LFDJ - Pamiers Les Pujols</name>
    <description>Aérodrome C.A.P. Libre d&#039;accès aux ULM  </description>
    <Point>
      <coordinates>1.695833,43.090556</coordinates>
    </Point>
  </Placemark>
  <Placemark id="LFDK">
    <name>LFDK - Soulac sur Mer</name>
    <description>Aérodrome C.A.P. Libre d&#039;accès aux ULM  </description>
    <Point>
      <coordinates>-1.0829019470825187,45.49280600061865</coordinates>
    </Point>
  </Placemark>
  <Placemark id="LFDL">
    <name>LFDL - Loudun</name>
    <description>Aérodrome C.A.P. Libre d&#039;accès aux ULM  </description>
    <Point>
      <coordinates>0.10151964550776604,47.03587701222957</coordinates>
    </Point>
  </Placemark>
  <Placemark id="LFDM">
    <name>LFDM - Marmande Virazeil</name>
    <description>Aérodrome C.A.P. Libre d&#039;accès aux ULM  </description>
    <Point>
      <coordinates>0.2002780000000257,44.499167</coordinates>
    </Point>
  </Placemark>
  <Placemark id="LFDN">
    <name>LFDN - Rochefort Charente-Maritime</name>
    <description>Aérodrome C.A.P. Ouvert aux ULM Autorisation OBLIGATOIRE </description>
    <Point>
      <coordinates>W 000 58 56,N 45 53 22</coordinates>
    </Point>
  </Placemark>
  <Placemark id="LFDP">
    <name>LFDP - Saint Pierre d&#039;Oléron</name>
    <description>Aérodrome C.A.P. Libre d&#039;accès aux ULM  </description>
    <Point>
      <coordinates>-1.3113889999999628,45.957778</coordinates>
    </Point>
  </Placemark>
  <Placemark id="LFDQ">
    <name>LFDQ - Castelnau Magnoac</name>
    <description>Aérodrome Restreint Ouvert aux ULM Autorisation OBLIGATOIRE </description>
    <Point>
      <coordinates>0.5194440000000213,43.2775</coordinates>
    </Point>
  </Placemark>
  <Placemark id="LFDR">
    <name>LFDR - La Réole Floudès</name>
    <description>Aérodrome C.A.P. Libre d&#039;accès aux ULM  </description>
    <Point>
      <coordinates>-0.057222222222208075,44.566944444444445</coordinates>
    </Point>
  </Placemark>
  <Placemark id="LFDS">
    <name>LFDS - Sarlat - Domme</name>
    <description>Aérodrome C.A.P. Libre d&#039;accès aux ULM  </description>
    <Point>
      <coordinates>1.2451344947203324,44.791734708708</coordinates>
    </Point>
  </Placemark>
  <Placemark id="LFDT">
    <name>LFDT - Tarbes Laloubère</name>
    <description>Aérodrome C.A.P. Libre d&#039;accès aux ULM  </description>
    <Point>
      <coordinates>0.07749999999998636,43.215</coordinates>
    </Point>
  </Placemark>
  <Placemark id="LFDU">
    <name>LFDU - Lesparre Saint Laurent Médoc</name>
    <description>Aérodrome C.A.P. Libre d&#039;accès aux ULM  </description>
    <Point>
      <coordinates>-0.8822222222222535,45.19777777777778</coordinates>
    </Point>
  </Placemark>
  <Placemark id="LFDV">
    <name>LFDV - Couhé Vérac</name>
    <description>Aérodrome C.A.P. Libre d&#039;accès aux ULM  </description>
    <Point>
      <coordinates>0.1865734708862874,46.26687736734688</coordinates>
    </Point>
  </Placemark>
  <Placemark id="LFDW">
    <name>LFDW - Chauvigny</name>
    <description>Aérodrome C.A.P. Libre d&#039;accès aux ULM  </description>
    <Point>
      <coordinates>0.642221999999947,46.583333</coordinates>
    </Point>
  </Placemark>
  <Placemark id="LFDX">
    <name>LFDX - Fumel - Monteyral</name>
    <description>Aérodrome C.A.P. Avec Restrictions Libre d&#039;accès aux ULM</description>
    <Point>
      <coordinates>1.0071802139282227,44.459147679916</coordinates>
    </Point>
  </Placemark>
  <Placemark id="LFDY">
    <name>LFDY - Bordeaux - Yvrac</name>
    <description>Aérodrome Restreint Autorisation OBLIGATOIRE </description>
    <Point>
      <coordinates>-0.48015405291744173,44.876279260934695</coordinates>
    </Point>
  </Placemark>
  <Placemark id="LFEA">
    <name>LFEA - Belle Ile</name>
    <description>Aérodrome C.A.P. Libre d&#039;accès aux ULM  </description>
    <Point>
      <coordinates>-3.199253475921637,47.32612578237129</coordinates>
    </Point>
  </Placemark>
  <Placemark id="LFEB">
    <name>LFEB - Dinan Trélivan</name>
    <description>Aérodrome C.A.P. Libre d&#039;accès aux ULM  </description>
    <Point>
      <coordinates>-2.103333,48.443333</coordinates>
    </Point>
  </Placemark>
  <Placemark id="LFEC">
    <name>LFEC - Ouessant</name>
    <description>Aérodrome C.A.P. Libre d&#039;accès aux ULM  </description>
    <Point>
      <coordinates>-5.063611000000037,48.463333</coordinates>
    </Point>
  </Placemark>
  <Placemark id="LFED">
    <name>LFED - Pontivy</name>
    <description>Aérodrome C.A.P. Libre d&#039;accès aux ULM  </description>
    <Point>
      <coordinates>-2.923333333333403,48.0567723386</coordinates>
    </Point>
  </Placemark>
  <Placemark id="LFEF">
    <name>LFEF - Amboise Dierre</name>
    <description>Aérodrome C.A.P. Libre d&#039;accès aux ULM  </description>
    <Point>
      <coordinates>0.94482421875,47.340683915047</coordinates>
    </Point>
  </Placemark>
  <Placemark id="LFEG">
    <name>LFEG - Argenton sur Creuse</name>
    <description>Aérodrome C.A.P. Libre d&#039;accès aux ULM  </description>
    <Point>
      <coordinates>1.601111111111095,46.59583333333333</coordinates>
    </Point>
  </Placemark>
  <Placemark id="LFEH">
    <name>LFEH - Aubigny sur Nère</name>
    <description>Aérodrome C.A.P. Libre d&#039;accès aux ULM  </description>
    <Point>
      <coordinates>2.3941670000000386,47.480556</coordinates>
    </Point>
  </Placemark>
  <Placemark id="LFEI">
    <name>LFEI - Briare - Châtillon</name>
    <description>Aérodrome C.A.P. Libre d&#039;accès aux ULM  </description>
    <Point>
      <coordinates>2.781944000000067,47.614444</coordinates>
    </Point>
  </Placemark>
  <Placemark id="LFEJ">
    <name>LFEJ - Châteauroux - Villers</name>
    <description>Aérodrome C.A.P. Libre d&#039;accès aux ULM  </description>
    <Point>
      <coordinates>1.6200000000000045,46.840833333333</coordinates>
    </Point>
  </Placemark>
  <Placemark id="LFEK">
    <name>LFEK - Issoudun Le Fay</name>
    <description>Aérodrome C.A.P. Libre d&#039;accès aux ULM  </description>
    <Point>
      <coordinates>2.0388999100341607,46.889314895156296</coordinates>
    </Point>
  </Placemark>
  <Placemark id="LFEL">
    <name>LFEL - Le Blanc</name>
    <description>Aérodrome C.A.P. Libre d&#039;accès aux ULM  </description>
    <Point>
      <coordinates>1.0876354444579874,46.621179015601264</coordinates>
    </Point>
  </Placemark>
  <Placemark id="LFEM">
    <name>LFEM - Montargis Vimory</name>
    <description>Aérodrome C.A.P. Libre d&#039;accès aux ULM  </description>
    <Point>
      <coordinates>2.687678693135589,47.96131656657351</coordinates>
    </Point>
  </Placemark>
  <Placemark id="LFEN">
    <name>LFEN - Tours - Sorigny</name>
    <description>Aérodrome C.A.P. Libre d&#039;accès aux ULM  </description>
    <Point>
      <coordinates>0.6998107301635628,47.26644724387245</coordinates>
    </Point>
  </Placemark>
  <Placemark id="LFEP">
    <name>LFEP - Pouilly Maconge</name>
    <description>Aérodrome C.A.P. Libre d&#039;accès aux ULM  </description>
    <Point>
      <coordinates>4.560277777777856,47.220555555556</coordinates>
    </Point>
  </Placemark>
  <Placemark id="LFEQ">
    <name>LFEQ - Quiberon</name>
    <description>Aérodrome C.A.P. Libre d&#039;accès aux ULM  </description>
    <Point>
      <coordinates>-3.1016670000000204,47.481389</coordinates>
    </Point>
  </Placemark>
  <Placemark id="LFER">
    <name>LFER - Redon Bains sur Oust</name>
    <description>Aérodrome C.A.P. Libre d&#039;accès aux ULM  </description>
    <Point>
      <coordinates>-2.038055999999983,47.698611</coordinates>
    </Point>
  </Placemark>
  <Placemark id="LFES">
    <name>LFES - Guiscriff Scaer</name>
    <description>Aérodrome C.A.P. Libre d&#039;accès aux ULM  </description>
    <Point>
      <coordinates>-3.6641670000000204,48.053611</coordinates>
    </Point>
  </Placemark>
  <Placemark id="LFET">
    <name>LFET - Til Châtel</name>
    <description>Aérodrome C.A.P. Libre d&#039;accès aux ULM  </description>
    <Point>
      <coordinates>5.21026611328125,47.54530734177705</coordinates>
    </Point>
  </Placemark>
  <Placemark id="LFEU">
    <name>LFEU - Bar le Duc Les Hauts de Chee</name>
    <description>Aérodrome C.A.P. Libre d&#039;accès aux ULM  </description>
    <Point>
      <coordinates>5.184167,48.867778</coordinates>
    </Point>
  </Placemark>
  <Placemark id="LFEV">
    <name>LFEV - Gray Saint Adrien</name>
    <description>Aérodrome C.A.P. Libre d&#039;accès aux ULM  </description>
    <Point>
      <coordinates>5.621388888888873,47.43222222222222</coordinates>
    </Point>
  </Placemark>
  <Placemark id="LFEW">
    <name>LFEW - Saulieu - Liernais</name>
    <description>Aérodrome C.A.P. Libre d&#039;accès aux ULM  </description>
    <Point>
      <coordinates>4.264444000000026,47.238611</coordinates>
    </Point>
  </Placemark>
  <Placemark id="LFEX">
    <name>LFEX - Nancy Azelot</name>
    <description>Aérodrome Restreint Ouvert aux ULM Autorisation OBLIGATOIRE </description>
    <Point>
      <coordinates>6.239722000000029,48.594612115065644</coordinates>
    </Point>
  </Placemark>
  <Placemark id="LFEY">
    <name>LFEY - Ile d&#039;Yeu</name>
    <description>Aérodrome C.A.P. Ouvert aux ULM Autorisation OBLIGATOIRE </description>
    <Point>
      <coordinates>-2.39227294921875,46.717798291363</coordinates>
    </Point>
  </Placemark>
  <Placemark id="LFEZ">
    <name>LFEZ - Nancy Malzeville</name>
    <description>Aérodrome Restreint Ouvert aux ULM Autorisation OBLIGATOIRE </description>
    <Point>
      <coordinates>6.207704544067383,48.722735816662</coordinates>
    </Point>
  </Placemark>
  <Placemark id="LFFB">
    <name>LFFB - Buno Bonnevaux</name>
    <description>Aérodrome Restreint Ouvert aux ULM Autorisation OBLIGATOIRE </description>
    <Point>
      <coordinates>2.424444,48.350364</coordinates>
    </Point>
  </Placemark>
  <Placemark id="LFFC">
    <name>LFFC - Mantes - Chérence</name>
    <description>Aérodrome Restreint Ouvert aux ULM Autorisation OBLIGATOIRE </description>
    <Point>
      <coordinates>1.6897219999999606,49.078889</coordinates>
    </Point>
  </Placemark>
  <Placemark id="LFFD">
    <name>LFFD - Saint André de l&#039;Eure</name>
    <description>Aérodrome Restreint Ouvert aux ULM Autorisation OBLIGATOIRE </description>
    <Point>
      <coordinates>1.2529993057250977,48.89872203165385</coordinates>
    </Point>
  </Placemark>
  <Placemark id="LFFE">
    <name>LFFE - Enghien - Moisselles</name>
    <description>Aérodrome Restreint Ouvert aux ULM Autorisation OBLIGATOIRE </description>
    <Point>
      <coordinates>2.3534889523925813,49.04611858157577</coordinates>
    </Point>
  </Placemark>
  <Placemark id="LFFG">
    <name>LFFG - La Ferté Gaucher</name>
    <description>Aérodrome Restreint Ouvert aux ULM Autorisation OBLIGATOIRE </description>
    <Point>
      <coordinates>3.2788888888889005,48.7575</coordinates>
    </Point>
  </Placemark>
  <Placemark id="LFFH">
    <name>LFFH - Château Thierry Belleau</name>
    <description>Aérodrome C.A.P. Libre d&#039;accès aux ULM  </description>
    <Point>
      <coordinates>3.3555559999999787,49.066667</coordinates>
    </Point>
  </Placemark>
  <Placemark id="LFFI">
    <name>LFFI - Ancenis</name>
    <description>Aérodrome C.A.P. Libre d&#039;accès aux ULM  </description>
    <Point>
      <coordinates>-1.184660,47.405815</coordinates>
    </Point>
  </Placemark>
  <Placemark id="LFFJ">
    <name>LFFJ - Joinville - Mussey</name>
    <description>Aérodrome Restreint Ouvert aux ULM Autorisation OBLIGATOIRE </description>
    <Point>
      <coordinates>5.143332999999984,48.385278</coordinates>
    </Point>
  </Placemark>
  <Placemark id="LFFK">
    <name>LFFK - Fontenay le Comte</name>
    <description>Aérodrome C.A.P. Libre d&#039;accès aux ULM  </description>
    <Point>
      <coordinates>-0.7938890000000356,46.440833</coordinates>
    </Point>
  </Placemark>
  <Placemark id="LFFL">
    <name>LFFL - Bailleau Armenonville</name>
    <description>Aérodrome Restreint Ouvert aux ULM Autorisation OBLIGATOIRE </description>
    <Point>
      <coordinates>1.6386111111111177,48.514722222222225</coordinates>
    </Point>
  </Placemark>
  <Placemark id="LFFN">
    <name>LFFN - Brienne le Château</name>
    <description>Aérodrome C.A.P. Libre d&#039;accès aux ULM  </description>
    <Point>
      <coordinates>4.482221999999979,48.429722</coordinates>
    </Point>
  </Placemark>
  <Placemark id="LFFO">
    <name>LFFO - Beauvoir - Fromentine</name>
    <description>Aérodrome Restreint Ouvert aux ULM Autorisation OBLIGATOIRE </description>
    <Point>
      <coordinates>-2.0886111111110495,46.890555555556</coordinates>
    </Point>
  </Placemark>
  <Placemark id="LFFP">
    <name>LFFP - Pithiviers</name>
    <description>Aérodrome Restreint Ouvert aux ULM Autorisation OBLIGATOIRE </description>
    <Point>
      <coordinates>2.1911111111111268,48.156388888889</coordinates>
    </Point>
  </Placemark>
  <Placemark id="LFFQ">
    <name>LFFQ - La Ferté Alais</name>
    <description>Aérodrome Restreint Autorisation OBLIGATOIRE </description>
    <Point>
      <coordinates>2.3366518783569745,48.4985624490744</coordinates>
    </Point>
  </Placemark>
  <Placemark id="LFFR">
    <name>LFFR - Bar sur Seine</name>
    <description>Aérodrome Restreint Ouvert aux ULM Autorisation OBLIGATOIRE </description>
    <Point>
      <coordinates>4.412500000000023,48.066111</coordinates>
    </Point>
  </Placemark>
  <Placemark id="LFFT">
    <name>LFFT - Neufchâteau</name>
    <description>Aérodrome C.A.P. Libre d&#039;accès aux ULM  </description>
    <Point>
      <coordinates>5.7176971435546875,48.360512160466</coordinates>
    </Point>
  </Placemark>
  <Placemark id="LFFU">
    <name>LFFU - Châteauneuf sur Cher</name>
    <description>Aérodrome C.A.P. Libre d&#039;accès aux ULM  </description>
    <Point>
      <coordinates>2.3769444444444616,46.87111111111111</coordinates>
    </Point>
  </Placemark>
  <Placemark id="LFFV">
    <name>LFFV - Vierzon - Méreau</name>
    <description>Aérodrome Restreint Ouvert aux ULM Autorisation OBLIGATOIRE </description>
    <Point>
      <coordinates>2.065722529093364,47.194255638445156</coordinates>
    </Point>
  </Placemark>
  <Placemark id="LFFW">
    <name>LFFW - Montaigu St Georges</name>
    <description>Aérodrome C.A.P. Libre d&#039;accès aux ULM  </description>
    <Point>
      <coordinates>-1.3273155291137755,46.93222222222222</coordinates>
    </Point>
  </Placemark>
  <Placemark id="LFFX">
    <name>LFFX - Tournus - Cuisery</name>
    <description>Aérodrome Restreint libre d&#039;accès aux ULM</description>
    <Point>
      <coordinates>4.97654914855957,46.56402412857531</coordinates>
    </Point>
  </Placemark>
  <Placemark id="LFFY">
    <name>LFFY - Étrépagny</name>
    <description>Aérodrome Restreint Ouvert aux ULM Autorisation OBLIGATOIRE </description>
    <Point>
      <coordinates>1.638610999999969,49.306111</coordinates>
    </Point>
  </Placemark>
  <Placemark id="LFFZ">
    <name>LFFZ - Sézanne - Saint Rémy</name>
    <description>Aérodrome C.A.P. Libre d&#039;accès aux ULM  </description>
    <Point>
      <coordinates>3.764194206359889,48.70964223179883</coordinates>
    </Point>
  </Placemark>
  <Placemark id="LFGA">
    <name>LFGA - Colmar Houssen</name>
    <description>Aérodrome C.A.P. Libre d&#039;accès aux ULM  </description>
    <Point>
      <coordinates>7.358394523803781,48.107412466755946</coordinates>
    </Point>
  </Placemark>
  <Placemark id="LFGB">
    <name>LFGB - Mulhouse Habsheim</name>
    <description>Aérodrome C.A.P. Libre d&#039;accès aux ULM  </description>
    <Point>
      <coordinates>7.433239,47.743200</coordinates>
    </Point>
  </Placemark>
  <Placemark id="LFGC">
    <name>LFGC - Strasbourg Neuhof</name>
    <description>Aérodrome C.A.P. Libre d&#039;accès aux ULM  </description>
    <Point>
      <coordinates>7.777500000000032,48.55361111111111</coordinates>
    </Point>
  </Placemark>
  <Placemark id="LFGE">
    <name>LFGE - Avallon</name>
    <description>Aérodrome C.A.P. Libre d&#039;accès aux ULM  </description>
    <Point>
      <coordinates>3.9010044801788126,47.50368349794675</coordinates>
    </Point>
  </Placemark>
  <Placemark id="LFGF">
    <name>LFGF - Beaune Challanges</name>
    <description>Aérodrome C.A.P. Libre d&#039;accès aux ULM  </description>
    <Point>
      <coordinates>4.893728248657226,47.00635667252459</coordinates>
    </Point>
  </Placemark>
  <Placemark id="LFGG">
    <name>LFGG - Belfort - Chaux</name>
    <description>Aérodrome C.A.P. Libre d&#039;accès aux ULM  </description>
    <Point>
      <coordinates>6.83100700378418,47.69893394539058</coordinates>
    </Point>
  </Placemark>
  <Placemark id="LFGH">
    <name>LFGH - Cosne sur Loire</name>
    <description>Aérodrome C.A.P. Libre d&#039;accès aux ULM  </description>
    <Point>
      <coordinates>2.9187583923339844,47.360256550336516</coordinates>
    </Point>
  </Placemark>
  <Placemark id="LFGI">
    <name>LFGI - Dijon - Darois</name>
    <description>Aérodrome C.A.P. Libre d&#039;accès aux ULM  </description>
    <Point>
      <coordinates>4.947244407409698,47.385917238710825</coordinates>
    </Point>
  </Placemark>
  <Placemark id="LFGJ">
    <name>LFGJ - Dole Tavaux</name>
    <description>Aérodrome C.A.P. Libre d&#039;accès aux ULM  </description>
    <Point>
      <coordinates>5.434999999999945,47.04277777777778</coordinates>
    </Point>
  </Placemark>
  <Placemark id="LFGK">
    <name>LFGK - Joigny</name>
    <description>Aérodrome C.A.P. Libre d&#039;accès aux ULM  </description>
    <Point>
      <coordinates>3.3908329999999296,47.994444</coordinates>
    </Point>
  </Placemark>
  <Placemark id="LFGL">
    <name>LFGL - Lons Le Saunier - Courlaoux</name>
    <description>Aérodrome C.A.P. Libre d&#039;accès aux ULM  </description>
    <Point>
      <coordinates>5.472264289855957,46.675472253105</coordinates>
    </Point>
  </Placemark>
  <Placemark id="LFGM">
    <name>LFGM - Montceau les Mines - Pouilloux</name>
    <description>Aérodrome C.A.P. Libre d&#039;accès aux ULM  </description>
    <Point>
      <coordinates>4.338271164062462,46.60327403040167</coordinates>
    </Point>
  </Placemark>
  <Placemark id="LFGN">
    <name>LFGN - Paray le Monial</name>
    <description>Aérodrome C.A.P. Libre d&#039;accès aux ULM  </description>
    <Point>
      <coordinates>4.1330560000000105,46.466667</coordinates>
    </Point>
  </Placemark>
  <Placemark id="LFGO">
    <name>LFGO - Pont sur Yonne</name>
    <description>Aérodrome C.A.P. Libre d&#039;accès aux ULM  </description>
    <Point>
      <coordinates>3.248888999999963,48.289444</coordinates>
    </Point>
  </Placemark>
  <Placemark id="LFGP">
    <name>LFGP - St Florentin Cheu</name>
    <description>Aérodrome C.A.P. Libre d&#039;accès aux ULM  </description>
    <Point>
      <coordinates>3.775914031738239,47.980354841827605</coordinates>
    </Point>
  </Placemark>
  <Placemark id="LFGQ">
    <name>LFGQ - Semur en Auxois</name>
    <description>Aérodrome C.A.P. Libre d&#039;accès aux ULM  </description>
    <Point>
      <coordinates>4.342970169311475,47.48104708914766</coordinates>
    </Point>
  </Placemark>
  <Placemark id="LFGR">
    <name>LFGR - Doncourt les Conflans</name>
    <description>Aérodrome C.A.P. Libre d&#039;accès aux ULM  </description>
    <Point>
      <coordinates>5.931388888888932,49.151944444444</coordinates>
    </Point>
  </Placemark>
  <Placemark id="LFGS">
    <name>LFGS - Longuyon Villette</name>
    <description>Aérodrome C.A.P. Libre d&#039;accès aux ULM  </description>
    <Point>
      <coordinates>5.57194400000003,49.483611</coordinates>
    </Point>
  </Placemark>
  <Placemark id="LFGT">
    <name>LFGT - Sarrebourg Buhl</name>
    <description>Aérodrome C.A.P. Libre d&#039;accès aux ULM  </description>
    <Point>
      <coordinates>7.076051788330138,48.716549193856785</coordinates>
    </Point>
  </Placemark>
  <Placemark id="LFGU">
    <name>LFGU - Sarreguemines Neunkirch</name>
    <description>Aérodrome C.A.P. Libre d&#039;accès aux ULM  </description>
    <Point>
      <coordinates>7.105937439147965,49.127822951783</coordinates>
    </Point>
  </Placemark>
  <Placemark id="LFGW">
    <name>LFGW - Verdun Sommedieue</name>
    <description>Aérodrome C.A.P. Libre d&#039;accès aux ULM  </description>
    <Point>
      <coordinates>5.473064597900361,49.12210965649505</coordinates>
    </Point>
  </Placemark>
  <Placemark id="LFGX">
    <name>LFGX - Champagnole - Crotenay</name>
    <description>Aérodrome Restreint libre d&#039;accès aux ULM</description>
    <Point>
      <coordinates>5.818719863891602,46.76144350826602</coordinates>
    </Point>
  </Placemark>
  <Placemark id="LFGY">
    <name>LFGY - St Dié Remomeix</name>
    <description>Aérodrome C.A.P. Libre d&#039;accès aux ULM  </description>
    <Point>
      <coordinates>7.004538841247495,48.26587478454706</coordinates>
    </Point>
  </Placemark>
  <Placemark id="LFGZ">
    <name>LFGZ - Nuits Saint Georges</name>
    <description>Aérodrome C.A.P. Libre d&#039;accès aux ULM  </description>
    <Point>
      <coordinates>4.96833300000003,47.142222</coordinates>
    </Point>
  </Placemark>
  <Placemark id="LFHA">
    <name>LFHA - Issoire - Le Broc</name>
    <description>Aérodrome C.A.P. Libre d&#039;accès aux ULM  </description>
    <Point>
      <coordinates>3.2661110000000235,45.513889</coordinates>
    </Point>
  </Placemark>
  <Placemark id="LFHB">
    <name>LFHB - Biscarosse Hydrobase</name>
    <description>HydroSurface Restreinte Autorisation OBLIGATOIRE </description>
    <Point>
      <coordinates>-1.167098,44.353949</coordinates>
    </Point>
  </Placemark>
  <Placemark id="LFHC">
    <name>LFHC - Pérouges Meximieux</name>
    <description>Aérodrome C.A.P. Libre d&#039;accès aux ULM  </description>
    <Point>
      <coordinates>5.1851144216838065,45.87141996847959</coordinates>
    </Point>
  </Placemark>
  <Placemark id="LFHD">
    <name>LFHD - Pierrelatte</name>
    <description>Aérodrome C.A.P. Libre d&#039;accès aux ULM  </description>
    <Point>
      <coordinates>4.71694444444438,44.397777777777776</coordinates>
    </Point>
  </Placemark>
  <Placemark id="LFHE">
    <name>LFHE - Romans Saint Paul</name>
    <description>Aérodrome C.A.P. Libre d&#039;accès aux ULM  </description>
    <Point>
      <coordinates>5.101388888888891,45.064722222222</coordinates>
    </Point>
  </Placemark>
  <Placemark id="LFHF">
    <name>LFHF - Ruoms</name>
    <description>Aérodrome Restreint libre d&#039;accès aux ULM</description>
    <Point>
      <coordinates>4.332777999999962,44.443557729397625</coordinates>
    </Point>
  </Placemark>
  <Placemark id="LFHG">
    <name>LFHG - Saint Chamond</name>
    <description>Aérodrome C.A.P. Libre d&#039;accès aux ULM  </description>
    <Point>
      <coordinates>4.534444000000008,45.491944</coordinates>
    </Point>
  </Placemark>
  <Placemark id="LFHH">
    <name>LFHH - Vienne Reventin</name>
    <description>Aérodrome C.A.P. Libre d&#039;accès aux ULM  </description>
    <Point>
      <coordinates>4.828212261199951,45.461650720690464</coordinates>
    </Point>
  </Placemark>
  <Placemark id="LFHI">
    <name>LFHI - Morestel</name>
    <description>Aérodrome C.A.P. Libre d&#039;accès aux ULM  </description>
    <Point>
      <coordinates>5.452499999999986,45.686944</coordinates>
    </Point>
  </Placemark>
  <Placemark id="LFHJ">
    <name>LFHJ - Lyon Corbas</name>
    <description>Aérodrome Restreint Ouvert aux ULM Autorisation OBLIGATOIRE </description>
    <Point>
      <coordinates>4.912222222222226,45.65277777777778</coordinates>
    </Point>
  </Placemark>
  <Placemark id="LFHL">
    <name>LFHL - Langogne Lespéron</name>
    <description>Aérodrome C.A.P. Libre d&#039;accès aux ULM  </description>
    <Point>
      <coordinates>3.885848708984443,44.704518947301004</coordinates>
    </Point>
  </Placemark>
  <Placemark id="LFHM">
    <name>LFHM - Megève</name>
    <description>Altiport Libre d&#039;accès aux ULM</description>
    <Point>
      <coordinates>6.649167,45.823611</coordinates>
    </Point>
  </Placemark>
  <Placemark id="LFHN">
    <name>LFHN - Bellegarde Vouvray</name>
    <description>Aérodrome C.A.P. Libre d&#039;accès aux ULM  </description>
    <Point>
      <coordinates>5.805065322753876,46.12398738573517</coordinates>
    </Point>
  </Placemark>
  <Placemark id="LFHO">
    <name>LFHO - Aubenas Ardèche Méridionale</name>
    <description>Aérodrome C.A.P. Libre d&#039;accès aux ULM  </description>
    <Point>
      <coordinates>4.37166666666667,44.53944444444444</coordinates>
    </Point>
  </Placemark>
  <Placemark id="LFHP">
    <name>LFHP - Le Puy - Loudes</name>
    <description>Aérodrome C.A.P. Libre d&#039;accès aux ULM  </description>
    <Point>
      <coordinates>3.7633329999999887,45.079722</coordinates>
    </Point>
  </Placemark>
  <Placemark id="LFHQ">
    <name>LFHQ - St Flour - Coltines</name>
    <description>Aérodrome C.A.P. Libre d&#039;accès aux ULM  </description>
    <Point>
      <coordinates>2.9928195476531982,45.07595646119484</coordinates>
    </Point>
  </Placemark>
  <Placemark id="LFHR">
    <name>LFHR - Brioude Beaumont</name>
    <description>Aérodrome C.A.P. Libre d&#039;accès aux ULM  </description>
    <Point>
      <coordinates>3.3611224973755043,45.320476423617194</coordinates>
    </Point>
  </Placemark>
  <Placemark id="LFHS">
    <name>LFHS - Bourg Ceyzeriat</name>
    <description>Aérodrome C.A.P. Libre d&#039;accès aux ULM  </description>
    <Point>
      <coordinates>5.291752497355219,46.199912159491134</coordinates>
    </Point>
  </Placemark>
  <Placemark id="LFHT">
    <name>LFHT - Ambert - Le Poyet</name>
    <description>Aérodrome C.A.P. Libre d&#039;accès aux ULM  </description>
    <Point>
      <coordinates>3.7448283386230514,45.51525528468957</coordinates>
    </Point>
  </Placemark>
  <Placemark id="LFHU">
    <name>LFHU - L&#039;Alpe d&#039;Huez</name>
    <description>Altiport Libre d&#039;accès aux ULM</description>
    <Point>
      <coordinates>6.083611000000019,45.0875</coordinates>
    </Point>
  </Placemark>
  <Placemark id="LFHV">
    <name>LFHV - Villefranche Tarare</name>
    <description>Aérodrome C.A.P. Libre d&#039;accès aux ULM  </description>
    <Point>
      <coordinates>4.634742507934559,45.91886551445048</coordinates>
    </Point>
  </Placemark>
  <Placemark id="LFHW">
    <name>LFHW - Belleville Villié Morgon</name>
    <description>Aérodrome Restreint Ouvert aux ULM Autorisation OBLIGATOIRE </description>
    <Point>
      <coordinates>4.71350276190185,46.14188411452399</coordinates>
    </Point>
  </Placemark>
  <Placemark id="LFHX">
    <name>LFHX - Lapalisse Périgny</name>
    <description>Aérodrome C.A.P. Libre d&#039;accès aux ULM  </description>
    <Point>
      <coordinates>3.587285423278786,46.252759250524065</coordinates>
    </Point>
  </Placemark>
  <Placemark id="LFHY">
    <name>LFHY - Moulins Montbeugny</name>
    <description>Aérodrome C.A.P. Libre d&#039;accès aux ULM  </description>
    <Point>
      <coordinates>3.424499412719797,46.534503044476445</coordinates>
    </Point>
  </Placemark>
  <Placemark id="LFHZ">
    <name>LFHZ - Sallanches Mont Blanc</name>
    <description>Aérodrome fermé.</description>
    <Point>
      <coordinates>6.639089584350586,45.949240033788</coordinates>
    </Point>
  </Placemark>
  <Placemark id="LFIB">
    <name>LFIB - Belvès - Saint Pardoux</name>
    <description>Aérodrome Restreint Ouvert aux ULM Autorisation OBLIGATOIRE </description>
    <Point>
      <coordinates>0.9523930740356263,44.78266824903718</coordinates>
    </Point>
  </Placemark>
  <Placemark id="LFID">
    <name>LFID - Condom Valence sur Baïse</name>
    <description>Aérodrome C.A.P. Avec Restrictions Autorisation OBLIGATOIRE </description>
    <Point>
      <coordinates>0.384929,43.909619</coordinates>
    </Point>
  </Placemark>
  <Placemark id="LFIF">
    <name>LFIF - Saint Affrique Belmont</name>
    <description>Aérodrome Restreint Ouvert aux ULM Autorisation OBLIGATOIRE </description>
    <Point>
      <coordinates>2.7436329311794907,43.82478590460106</coordinates>
    </Point>
  </Placemark>
  <Placemark id="LFIG">
    <name>LFIG - Cassagnes Bégonhès</name>
    <description>Aérodrome C.A.P. Libre d&#039;accès aux ULM  </description>
    <Point>
      <coordinates>2.5123668670654524,44.178651984248276</coordinates>
    </Point>
  </Placemark>
  <Placemark id="LFIH">
    <name>LFIH - Chalais</name>
    <description>Aérodrome C.A.P. Libre d&#039;accès aux ULM  </description>
    <Point>
      <coordinates>0.020463502671987044,45.2687804332066</coordinates>
    </Point>
  </Placemark>
  <Placemark id="LFIK">
    <name>LFIK - Ribérac Tourette</name>
    <description>Aérodrome C.A.P. Libre d&#039;accès aux ULM  </description>
    <Point>
      <coordinates>0.26586055755615234,45.23960211592316</coordinates>
    </Point>
  </Placemark>
  <Placemark id="LFIL">
    <name>LFIL - Rion des Landes</name>
    <description>Aérodrome C.A.P. Libre d&#039;accès aux ULM  </description>
    <Point>
      <coordinates>-0.9491666666666667,43.91583333333333</coordinates>
    </Point>
  </Placemark>
  <Placemark id="LFIM">
    <name>LFIM - Saint Gaudens Montrejeau</name>
    <description>Aérodrome C.A.P. Libre d&#039;accès aux ULM  </description>
    <Point>
      <coordinates>0.6191670000000613,43.1075</coordinates>
    </Point>
  </Placemark>
  <Placemark id="LFIP">
    <name>LFIP - Peyresourde Balestas</name>
    <description>Altiport Libre d&#039;accès aux ULM</description>
    <Point>
      <coordinates>0.43744427514650397,42.796761469825</coordinates>
    </Point>
  </Placemark>
  <Placemark id="LFIR">
    <name>LFIR - Revel Montgey</name>
    <description>Aérodrome Restreint Ouvert aux ULM Autorisation OBLIGATOIRE </description>
    <Point>
      <coordinates>1.978888999999981,43.480278</coordinates>
    </Point>
  </Placemark>
  <Placemark id="LFIS">
    <name>LFIS - Saint Inglevert les Deux Caps</name>
    <description>Aérodrome C.A.P. Libre d&#039;accès aux ULM  </description>
    <Point>
      <coordinates>1.7373447460598879,50.88401622238712</coordinates>
    </Point>
  </Placemark>
  <Placemark id="LFIT">
    <name>LFIT - Toulouse Bourg Saint Bernard</name>
    <description>Aérodrome Restreint Ouvert aux ULM Autorisation OBLIGATOIRE </description>
    <Point>
      <coordinates>1.7241669999999658,43.611111</coordinates>
    </Point>
  </Placemark>
  <Placemark id="LFIV">
    <name>LFIV - Vendays - Montalivet</name>
    <description>Aérodrome Restreint libre d&#039;accès aux ULM</description>
    <Point>
      <coordinates>-1.1192447698670116,45.37966675951888</coordinates>
    </Point>
  </Placemark>
  <Placemark id="LFIX">
    <name>LFIX - Itxassou</name>
    <description>Aérodrome Restreint Ouvert aux ULM Autorisation OBLIGATOIRE </description>
    <Point>
      <coordinates>-1.4232444763183594,43.336727864048</coordinates>
    </Point>
  </Placemark>
  <Placemark id="LFIY">
    <name>LFIY - Saint Jean d&#039;Angely</name>
    <description>Aérodrome C.A.P. Libre d&#039;accès aux ULM  </description>
    <Point>
      <coordinates>-0.5244440000000168,45.965278</coordinates>
    </Point>
  </Placemark>
  <Placemark id="LFJA">
    <name>LFJA - Chaumont - Semoutiers</name>
    <description>Aérodrome Restreint Autorisation OBLIGATOIRE </description>
    <Point>
      <coordinates>5.048283386230423,48.084471604413736</coordinates>
    </Point>
  </Placemark>
  <Placemark id="LFJB">
    <name>LFJB - Mauléon</name>
    <description>Aérodrome C.A.P. Libre d&#039;accès aux ULM  </description>
    <Point>
      <coordinates>-0.6974999999999909,46.903056</coordinates>
    </Point>
  </Placemark>
  <Placemark id="LFJC">
    <name>LFJC - Clamecy</name>
    <description>Aérodrome C.A.P. Libre d&#039;accès aux ULM  </description>
    <Point>
      <coordinates>3.507585830688413,47.4357583101642</coordinates>
    </Point>
  </Placemark>
  <Placemark id="LFJD">
    <name>LFJD - Corlier</name>
    <description>Altiport Libre d&#039;accès aux ULM</description>
    <Point>
      <coordinates>5.494650,46.040526</coordinates>
    </Point>
  </Placemark>
  <Placemark id="LFJE">
    <name>LFJE - La Motte Chalançon</name>
    <description>Altiport Libre d&#039;accès aux ULM</description>
    <Point>
      <coordinates>5.403332999999975,44.496667</coordinates>
    </Point>
  </Placemark>
  <Placemark id="LFJF">
    <name>LFJF - Aubenasson</name>
    <description>Aérodrome Restreint Ouvert aux ULM Autorisation OBLIGATOIRE </description>
    <Point>
      <coordinates>5.1547902222289395,44.69530850668377</coordinates>
    </Point>
  </Placemark>
  <Placemark id="LFJH">
    <name>LFJH - Cazères Palaminy</name>
    <description>Aérodrome Restreint Ouvert aux ULM Autorisation OBLIGATOIRE </description>
    <Point>
      <coordinates>1.0499999999999545,43.200833333333</coordinates>
    </Point>
  </Placemark>
  <Placemark id="LFJI">
    <name>LFJI - Marennes</name>
    <description>Aérodrome Restreint Ouvert aux ULM Autorisation OBLIGATOIRE </description>
    <Point>
      <coordinates>-1.0772220000000061,45.823889</coordinates>
    </Point>
  </Placemark>
  <Placemark id="LFJL">
    <name>LFJL - Metz Nancy Lorraine</name>
    <description>Aérodrome C.A.P. Libre d&#039;accès aux ULM  </description>
    <Point>
      <coordinates>6.246667000000002,48.978333</coordinates>
    </Point>
  </Placemark>
  <Placemark id="LFJR">
    <name>LFJR - Angers Marcé</name>
    <description>Aérodrome C.A.P. Libre d&#039;accès aux ULM  </description>
    <Point>
      <coordinates>-0.3122222222222035,47.56027777777778</coordinates>
    </Point>
  </Placemark>
  <Placemark id="LFJS">
    <name>LFJS - Soissons - Courmelles</name>
    <description>Aérodrome C.A.P. Libre d&#039;accès aux ULM  </description>
    <Point>
      <coordinates>3.2830559999999878,49.345</coordinates>
    </Point>
  </Placemark>
  <Placemark id="LFJT">
    <name>LFJT - Tours Le Louroux</name>
    <description>Aérodrome Restreint Ouvert aux ULM Autorisation OBLIGATOIRE </description>
    <Point>
      <coordinates>0.7127779999999575,47.15</coordinates>
    </Point>
  </Placemark>
  <Placemark id="LFJU">
    <name>LFJU - Lurcy - Lévis</name>
    <description>Aérodrome Restreint Ouvert aux ULM Autorisation OBLIGATOIRE </description>
    <Point>
      <coordinates>2.94480805291073,46.712398774738325</coordinates>
    </Point>
  </Placemark>
  <Placemark id="LFJV">
    <name>LFJV - Lasclaverie</name>
    <description>Aérodrome Restreint Ouvert aux ULM Autorisation OBLIGATOIRE </description>
    <Point>
      <coordinates>-0.2858496587218684,43.42566760112248</coordinates>
    </Point>
  </Placemark>
  <Placemark id="LFJY">
    <name>LFJY - Chambley</name>
    <description>Aérodrome C.A.P. Libre d&#039;accès aux ULM  </description>
    <Point>
      <coordinates>5.872106552124023,49.0236303133338</coordinates>
    </Point>
  </Placemark>
  <Placemark id="LFKA">
    <name>LFKA - Albertville Gal P Delachenal</name>
    <description>Aérodrome Restreint libre d&#039;accès aux ULM</description>
    <Point>
      <coordinates>6.327987777771,45.6260288528289</coordinates>
    </Point>
  </Placemark>
  <Placemark id="LFKB">
    <name>LFKB - Bastia - Poretta</name>
    <description>Aérodrome C.A.P. Avec Restrictions Libre d&#039;accès aux ULM</description>
    <Point>
      <coordinates>9.484722000000033,42.55</coordinates>
    </Point>
  </Placemark>
  <Placemark id="LFKC">
    <name>LFKC - Calvi - Sainte Catherine</name>
    <description>Aérodrome C.A.P. Ouvert aux ULM Autorisation OBLIGATOIRE </description>
    <Point>
      <coordinates>8.793055999999979,42.53127530438593</coordinates>
    </Point>
  </Placemark>
  <Placemark id="LFKD">
    <name>LFKD - Sollières Sardières</name>
    <description>Aérodrome Restreint libre d&#039;accès aux ULM</description>
    <Point>
      <coordinates>6.801346084655734,45.25457639294113</coordinates>
    </Point>
  </Placemark>
  <Placemark id="LFKE">
    <name>LFKE - Saint Jean en Royans</name>
    <description>Aérodrome Restreint libre d&#039;accès aux ULM</description>
    <Point>
      <coordinates>5.308351608459475,45.02735960781035</coordinates>
    </Point>
  </Placemark>
  <Placemark id="LFKF">
    <name>LFKF - Figari - Sud Corse</name>
    <description>Aérodrome C.A.P. Ouvert aux ULM Autorisation OBLIGATOIRE </description>
    <Point>
      <coordinates>9.096667,41.502222</coordinates>
    </Point>
  </Placemark>
  <Placemark id="LFKG">
    <name>LFKG - Ghisonaccia Alzitone</name>
    <description>Aérodrome Restreint Autorisation OBLIGATOIRE </description>
    <Point>
      <coordinates>9.400163,42.051702</coordinates>
    </Point>
  </Placemark>
  <Placemark id="LFKH">
    <name>LFKH - St Jean d&#039;Avelanne</name>
    <description>Aérodrome Restreint libre d&#039;accès aux ULM</description>
    <Point>
      <coordinates>5.6794439999999895,45.515833</coordinates>
    </Point>
  </Placemark>
  <Placemark id="LFKJ">
    <name>LFKJ - Ajaccio Napoléon Bonaparte</name>
    <description>Aérodrome C.A.P. Ouvert aux ULM Autorisation OBLIGATOIRE </description>
    <Point>
      <coordinates>8.802500000000009,41.92388888888889</coordinates>
    </Point>
  </Placemark>
  <Placemark id="LFKK">
    <name>LFKK - Montmeilleur</name>
    <description>Aérodrome Privé Ouvert aux ULM</description>
    <Point>
      <coordinates>5.763920055572498,44.793869865595276</coordinates>
    </Point>
  </Placemark>
  <Placemark id="LFKL">
    <name>LFKL - Lyon Brindas</name>
    <description>Aérodrome Restreint libre d&#039;accès aux ULM</description>
    <Point>
      <coordinates>4.696581169311457,45.71022636122278</coordinates>
    </Point>
  </Placemark>
  <Placemark id="LFKM">
    <name>LFKM - Saint Galmier</name>
    <description>Aérodrome Restreint libre d&#039;accès aux ULM</description>
    <Point>
      <coordinates>4.304485015869204,45.60680931865918</coordinates>
    </Point>
  </Placemark>
  <Placemark id="LFKO">
    <name>LFKO - Propriano</name>
    <description>Aérodrome C.A.P. Libre d&#039;accès aux ULM  </description>
    <Point>
      <coordinates>8.88830520629881,41.660811891027436</coordinates>
    </Point>
  </Placemark>
  <Placemark id="LFKP">
    <name>LFKP - La Tour du Pin Cessieu</name>
    <description>Aérodrome Restreint libre d&#039;accès aux ULM</description>
    <Point>
      <coordinates>5.3838030582004315,45.55849825981313</coordinates>
    </Point>
  </Placemark>
  <Placemark id="LFKR">
    <name>LFKR - Saint Rémy de Maurienne</name>
    <description>Aérodrome Restreint Ouvert aux ULM Autorisation OBLIGATOIRE </description>
    <Point>
      <coordinates>6.2769196931152464,45.37671832268577</coordinates>
    </Point>
  </Placemark>
  <Placemark id="LFKS">
    <name>LFKS - Solenzara</name>
    <description>Aérodrome Réservé Administrations Interdit CAP</description>
    <Point>
      <coordinates>9.405278,41.926389</coordinates>
    </Point>
  </Placemark>
  <Placemark id="LFKT">
    <name>LFKT - Corté</name>
    <description>Aérodrome C.A.P. Libre d&#039;accès aux ULM  </description>
    <Point>
      <coordinates>9.190697555541988,42.29142086087471</coordinates>
    </Point>
  </Placemark>
  <Placemark id="LFKX">
    <name>LFKX - Méribel Robert Merloz</name>
    <description>Altiport Libre d&#039;accès aux ULM</description>
    <Point>
      <coordinates>6.577499999999986,45.4075</coordinates>
    </Point>
  </Placemark>
  <Placemark id="LFKY">
    <name>LFKY - Belley Peyrieu</name>
    <description>Aérodrome Restreint libre d&#039;accès aux ULM</description>
    <Point>
      <coordinates>5.691667000000052,45.693889</coordinates>
    </Point>
  </Placemark>
  <Placemark id="LFLA">
    <name>LFLA - Auxerre Branches</name>
    <description>Aérodrome C.A.P. Libre d&#039;accès aux ULM  </description>
    <Point>
      <coordinates>3.496667,47.846389</coordinates>
    </Point>
  </Placemark>
  <Placemark id="LFLB">
    <name>LFLB - Chambéry Aix les Bains</name>
    <description>Aérodrome C.A.P. Ouvert aux ULM Autorisation OBLIGATOIRE </description>
    <Point>
      <coordinates>5.8799999999999955,45.63916666666667</coordinates>
    </Point>
  </Placemark>
  <Placemark id="LFLC">
    <name>LFLC - Clermont Ferrand - Auvergne</name>
    <description>Aérodrome C.A.P. Libre d&#039;accès aux ULM  </description>
    <Point>
      <coordinates>3.1676498413086085,45.78932680921973</coordinates>
    </Point>
  </Placemark>
  <Placemark id="LFLD">
    <name>LFLD - Bourges</name>
    <description>Aérodrome C.A.P. Libre d&#039;accès aux ULM  </description>
    <Point>
      <coordinates>2.3672534179687545,47.059897476466375</coordinates>
    </Point>
  </Placemark>
  <Placemark id="LFLE">
    <name>LFLE - Chambéry Challes les Eaux</name>
    <description>Aérodrome C.A.P. Libre d&#039;accès aux ULM  </description>
    <Point>
      <coordinates>5.975832999999966,45.560556</coordinates>
    </Point>
  </Placemark>
  <Placemark id="LFLG">
    <name>LFLG - Grenoble Le Versoud</name>
    <description>Aérodrome C.A.P. Libre d&#039;accès aux ULM  </description>
    <Point>
      <coordinates>5.84861111111104,45.21805555555556</coordinates>
    </Point>
  </Placemark>
  <Placemark id="LFLH">
    <name>LFLH - Chalon Champforgeuil</name>
    <description>Aérodrome C.A.P. Libre d&#039;accès aux ULM  </description>
    <Point>
      <coordinates>4.816944,46.828333</coordinates>
    </Point>
  </Placemark>
  <Placemark id="LFLI">
    <name>LFLI - Annemasse</name>
    <description>Aérodrome C.A.P. Libre d&#039;accès aux ULM  </description>
    <Point>
      <coordinates>6.268332999999984,46.191944</coordinates>
    </Point>
  </Placemark>
  <Placemark id="LFLJ">
    <name>LFLJ - Courchevel</name>
    <description>Altiport Libre d&#039;accès aux ULM</description>
    <Point>
      <coordinates>6.635139293670591,45.39759589119186</coordinates>
    </Point>
  </Placemark>
  <Placemark id="LFLK">
    <name>LFLK - Oyonnax Arbent</name>
    <description>Aérodrome fermé.</description>
    <Point>
      <coordinates>5.666388999999981,46.278611</coordinates>
    </Point>
  </Placemark>
  <Placemark id="LFLL">
    <name>LFLL - Lyon Saint Exupéry</name>
    <description>Aérodrome C.A.P. Avec Restrictions Autorisation OBLIGATOIRE </description>
    <Point>
      <coordinates>5.088664211697051,45.727353068435</coordinates>
    </Point>
  </Placemark>
  <Placemark id="LFLM">
    <name>LFLM - Mâcon Charnay</name>
    <description>Aérodrome C.A.P. Libre d&#039;accès aux ULM  </description>
    <Point>
      <coordinates>4.7959431146850875,46.296293799176645</coordinates>
    </Point>
  </Placemark>
  <Placemark id="LFLN">
    <name>LFLN - Saint Yan</name>
    <description>Aérodrome C.A.P. Libre d&#039;accès aux ULM  </description>
    <Point>
      <coordinates>4.014416206298847,46.41431902442675</coordinates>
    </Point>
  </Placemark>
  <Placemark id="LFLO">
    <name>LFLO - Roanne Renaison</name>
    <description>Aérodrome C.A.P. Ouvert aux ULM Autorisation OBLIGATOIRE </description>
    <Point>
      <coordinates>3.997919555542012,46.05361191921314</coordinates>
    </Point>
  </Placemark>
  <Placemark id="LFLP">
    <name>LFLP - Annecy Meythet</name>
    <description>Aérodrome C.A.P. Libre d&#039;accès aux ULM  </description>
    <Point>
      <coordinates>6.0990933914795376,45.929221144174306</coordinates>
    </Point>
  </Placemark>
  <Placemark id="LFLQ">
    <name>LFLQ - Montélimar Ancône</name>
    <description>Aérodrome C.A.P. Libre d&#039;accès aux ULM  </description>
    <Point>
      <coordinates>4.7402827989501475,44.58086245688907</coordinates>
    </Point>
  </Placemark>
  <Placemark id="LFLR">
    <name>LFLR - Saint Rambert d&#039;Albon</name>
    <description>Aérodrome C.A.P. Libre d&#039;accès aux ULM  </description>
    <Point>
      <coordinates>4.826560020446777,45.253017574552196</coordinates>
    </Point>
  </Placemark>
  <Placemark id="LFLS">
    <name>LFLS - Grenoble Isère</name>
    <description>Aérodrome C.A.P. Ouvert aux ULM Autorisation OBLIGATOIRE </description>
    <Point>
      <coordinates>5.327284835937462,45.363297222178495</coordinates>
    </Point>
  </Placemark>
  <Placemark id="LFLT">
    <name>LFLT - Montluçon Domérat</name>
    <description>Aérodrome Restreint Ouvert aux ULM Autorisation OBLIGATOIRE </description>
    <Point>
      <coordinates>2.570470169311534,46.352615085006306</coordinates>
    </Point>
  </Placemark>
  <Placemark id="LFLU">
    <name>LFLU - Valence Chabeuil</name>
    <description>Aérodrome C.A.P. Ouvert aux ULM Autorisation OBLIGATOIRE </description>
    <Point>
      <coordinates>4.970155952392588,44.92394314439657</coordinates>
    </Point>
  </Placemark>
  <Placemark id="LFLV">
    <name>LFLV - Vichy - Charmeil</name>
    <description>Aérodrome C.A.P. Libre d&#039;accès aux ULM  </description>
    <Point>
      <coordinates>3.4050253068847924,46.175589751729895</coordinates>
    </Point>
  </Placemark>
  <Placemark id="LFLW">
    <name>LFLW - Aurillac</name>
    <description>Aérodrome C.A.P. Libre d&#039;accès aux ULM  </description>
    <Point>
      <coordinates>2.42319013232418,44.89020354439531</coordinates>
    </Point>
  </Placemark>
  <Placemark id="LFLX">
    <name>LFLX - Châteauroux - Déols</name>
    <description>Aérodrome C.A.P. Ouvert aux ULM Autorisation OBLIGATOIRE </description>
    <Point>
      <coordinates>1.7303807143555332,46.863095012130415</coordinates>
    </Point>
  </Placemark>
  <Placemark id="LFLY">
    <name>LFLY - Lyon Bron</name>
    <description>Aérodrome C.A.P. Libre d&#039;accès aux ULM  </description>
    <Point>
      <coordinates>4.942751380981463,45.73106165158141</coordinates>
    </Point>
  </Placemark>
  <Placemark id="LFLZ">
    <name>LFLZ - Feurs Chambéon</name>
    <description>Aérodrome C.A.P. Libre d&#039;accès aux ULM  </description>
    <Point>
      <coordinates>4.19694400000003,45.706667</coordinates>
    </Point>
  </Placemark>
  <Placemark id="LFMA">
    <name>LFMA - Aix les Milles</name>
    <description>Aérodrome C.A.P. Avec Restrictions Libre d&#039;accès aux ULM</description>
    <Point>
      <coordinates>5.365848708984345,43.507083337230554</coordinates>
    </Point>
  </Placemark>
  <Placemark id="LFMC">
    <name>LFMC - Le Luc Le Cannet</name>
    <description>Aérodrome C.A.P. Avec Restrictions Autorisation OBLIGATOIRE </description>
    <Point>
      <coordinates>6.38522738623044,43.38572004182108</coordinates>
    </Point>
  </Placemark>
  <Placemark id="LFMD">
    <name>LFMD - Cannes Mandelieu</name>
    <description>Aérodrome C.A.P. Interdit aux ULM </description>
    <Point>
      <coordinates>6.956055275146468,43.54582909366467</coordinates>
    </Point>
  </Placemark>
  <Placemark id="LFME">
    <name>LFME - Nîmes Courbessac</name>
    <description>Aérodrome C.A.P. Libre d&#039;accès aux ULM  </description>
    <Point>
      <coordinates>4.415645599365234,43.85433577079</coordinates>
    </Point>
  </Placemark>
  <Placemark id="LFMF">
    <name>LFMF - Fayence</name>
    <description>Aérodrome C.A.P. Ouvert aux ULM Autorisation OBLIGATOIRE </description>
    <Point>
      <coordinates>6.697246719543504,43.61082151558694</coordinates>
    </Point>
  </Placemark>
  <Placemark id="LFMG">
    <name>LFMG - Montagne Noire</name>
    <description>Aérodrome Restreint Ouvert aux ULM Autorisation OBLIGATOIRE </description>
    <Point>
      <coordinates>1.98747184390254,43.40713726531205</coordinates>
    </Point>
  </Placemark>
  <Placemark id="LFMH">
    <name>LFMH - Saint Etienne Loire</name>
    <description>Aérodrome C.A.P. Ouvert aux ULM Autorisation OBLIGATOIRE </description>
    <Point>
      <coordinates>4.296878677246127,45.54090037370867</coordinates>
    </Point>
  </Placemark>
  <Placemark id="LFMI">
    <name>LFMI - Istres Le Tube</name>
    <description>Aérodrome C.A.P. Avec Restrictions Autorisation OBLIGATOIRE </description>
    <Point>
      <coordinates>4.924167,43.522500</coordinates>
    </Point>
  </Placemark>
  <Placemark id="LFMK">
    <name>LFMK - Carcassonne Salvaza</name>
    <description>Aérodrome C.A.P. Libre d&#039;accès aux ULM  </description>
    <Point>
      <coordinates>2.308611,43.215833</coordinates>
    </Point>
  </Placemark>
  <Placemark id="LFML">
    <name>LFML - Marseille Provence</name>
    <description>Aérodrome C.A.P. Ouvert aux ULM Autorisation OBLIGATOIRE </description>
    <Point>
      <coordinates>5.219119873046907,43.4341739626062</coordinates>
    </Point>
  </Placemark>
  <Placemark id="LFMN">
    <name>LFMN - Nice Côte d&#039;Azur</name>
    <description>Aérodrome C.A.P. Interdit aux ULM </description>
    <Point>
      <coordinates>7.211395111084009,43.65372839236528</coordinates>
    </Point>
  </Placemark>
  <Placemark id="LFMO">
    <name>LFMO - Orange Caritat</name>
    <description>Aérodrome Réservé Administrations Interdit CAP</description>
    <Point>
      <coordinates>4.868611,44.140000</coordinates>
    </Point>
  </Placemark>
  <Placemark id="LFMP">
    <name>LFMP - Perpignan Rivesaltes</name>
    <description>Aérodrome C.A.P. Libre d&#039;accès aux ULM  </description>
    <Point>
      <coordinates>2.8706661375733,42.743795655398</coordinates>
    </Point>
  </Placemark>
  <Placemark id="LFMQ">
    <name>LFMQ - Le Castellet</name>
    <description>Aérodrome C.A.P. Libre d&#039;accès aux ULM  </description>
    <Point>
      <coordinates>5.786111,43.252222</coordinates>
    </Point>
  </Placemark>
  <Placemark id="LFMR">
    <name>LFMR - Barcelonnette Saint Pons</name>
    <description>Aérodrome C.A.P. Libre d&#039;accès aux ULM  </description>
    <Point>
      <coordinates>6.60916700000007,44.387222</coordinates>
    </Point>
  </Placemark>
  <Placemark id="LFMS">
    <name>LFMS - Alès Cévennes</name>
    <description>Aérodrome C.A.P. Libre d&#039;accès aux ULM  </description>
    <Point>
      <coordinates>4.142798507934572,44.071668007954756</coordinates>
    </Point>
  </Placemark>
  <Placemark id="LFMT">
    <name>LFMT - Montpellier - Méditerranée</name>
    <description>Aérodrome C.A.P. Avec Restrictions Autorisation OBLIGATOIRE </description>
    <Point>
      <coordinates>3.968598777832085,43.579726835670435</coordinates>
    </Point>
  </Placemark>
  <Placemark id="LFMU">
    <name>LFMU - Béziers - Vias</name>
    <description>Aérodrome C.A.P. Ouvert aux ULM Autorisation OBLIGATOIRE </description>
    <Point>
      <coordinates>3.3533330000000205,43.323333</coordinates>
    </Point>
  </Placemark>
  <Placemark id="LFMV">
    <name>LFMV - Avignon Caumont</name>
    <description>Aérodrome C.A.P. Ouvert aux ULM Autorisation OBLIGATOIRE </description>
    <Point>
      <coordinates>4.901600677246051,43.90790375659828</coordinates>
    </Point>
  </Placemark>
  <Placemark id="LFMW">
    <name>LFMW - Castelnaudary Villeneuve</name>
    <description>Aérodrome C.A.P. Libre d&#039;accès aux ULM  </description>
    <Point>
      <coordinates>1.919999999999959,43.311111</coordinates>
    </Point>
  </Placemark>
  <Placemark id="LFMX">
    <name>LFMX - Château Arnoux Saint Auban</name>
    <description>Aérodrome C.A.P. Libre d&#039;accès aux ULM  </description>
    <Point>
      <coordinates>5.990833000000066,44.058611</coordinates>
    </Point>
  </Placemark>
  <Placemark id="LFMY">
    <name>LFMY - Salon</name>
    <description>Aérodrome Restreint,  Interdit aux ULM  </description>
    <Point>
      <coordinates>5.1090196455078285,43.60765514709691</coordinates>
    </Point>
  </Placemark>
  <Placemark id="LFMZ">
    <name>LFMZ - Lézignan Corbières</name>
    <description>Aérodrome C.A.P. Libre d&#039;accès aux ULM  </description>
    <Point>
      <coordinates>2.732778000000053,43.175</coordinates>
    </Point>
  </Placemark>
  <Placemark id="LFNA">
    <name>LFNA - Gap Tallard</name>
    <description>Aérodrome C.A.P. Libre d&#039;accès aux ULM  </description>
    <Point>
      <coordinates>6.036666666666633,44.453888888889</coordinates>
    </Point>
  </Placemark>
  <Placemark id="LFNB">
    <name>LFNB - Mende Brénoux</name>
    <description>Aérodrome C.A.P. Libre d&#039;accès aux ULM  </description>
    <Point>
      <coordinates>3.531577,44.502300</coordinates>
    </Point>
  </Placemark>
  <Placemark id="LFNC">
    <name>LFNC - Mont Dauphin Saint Crépin</name>
    <description>Aérodrome C.A.P. Libre d&#039;accès aux ULM  </description>
    <Point>
      <coordinates>6.599638735453235,44.699701439736856</coordinates>
    </Point>
  </Placemark>
  <Placemark id="LFNE">
    <name>LFNE - Salon Eyguières</name>
    <description>Aérodrome C.A.P. Libre d&#039;accès aux ULM  </description>
    <Point>
      <coordinates>5.010803671942881,43.66035638194377</coordinates>
    </Point>
  </Placemark>
  <Placemark id="LFNF">
    <name>LFNF - Vinon</name>
    <description>Aérodrome C.A.P. Libre d&#039;accès aux ULM  </description>
    <Point>
      <coordinates>5.78305555555562,43.73638888888889</coordinates>
    </Point>
  </Placemark>
  <Placemark id="LFNG">
    <name>LFNG - Montpellier Candillargues</name>
    <description>Aérodrome C.A.P. Libre d&#039;accès aux ULM  </description>
    <Point>
      <coordinates>4.071393798950226,43.60894185582192</coordinates>
    </Point>
  </Placemark>
  <Placemark id="LFNH">
    <name>LFNH - Carpentras</name>
    <description>Aérodrome C.A.P. Libre d&#039;accès aux ULM  </description>
    <Point>
      <coordinates>5.084556341171265,44.02743781296774</coordinates>
    </Point>
  </Placemark>
  <Placemark id="LFNJ">
    <name>LFNJ - Aspres sur Buech</name>
    <description>Aérodrome Restreint Ouvert aux ULM Autorisation OBLIGATOIRE </description>
    <Point>
      <coordinates>5.736172199249268,44.51410412789618</coordinates>
    </Point>
  </Placemark>
  <Placemark id="LFNL">
    <name>LFNL - Saint Martin de Londres</name>
    <description>Aérodrome Restreint Ouvert aux ULM Autorisation OBLIGATOIRE </description>
    <Point>
      <coordinates>3.7816669999999704,43.800278</coordinates>
    </Point>
  </Placemark>
  <Placemark id="LFNN">
    <name>LFNN - Narbonne</name>
    <description>Aérodrome Restreint Ouvert aux ULM Autorisation OBLIGATOIRE </description>
    <Point>
      <coordinates>3.0516026269835983,43.19338482173234</coordinates>
    </Point>
  </Placemark>
  <Placemark id="LFNO">
    <name>LFNO - Florac Sainte Enimie</name>
    <description>Aérodrome Restreint Ouvert aux ULM Autorisation OBLIGATOIRE </description>
    <Point>
      <coordinates>3.465556,44.285556</coordinates>
    </Point>
  </Placemark>
  <Placemark id="LFNQ">
    <name>LFNQ - La Llagonne La Quillane</name>
    <description>Aérodrome Restreint Ouvert aux ULM Autorisation OBLIGATOIRE </description>
    <Point>
      <coordinates>2.119442100524907,42.5438912203176</coordinates>
    </Point>
  </Placemark>
  <Placemark id="LFNR">
    <name>LFNR - Berre La Fare</name>
    <description>Aérodrome Restreint Ouvert aux ULM Autorisation OBLIGATOIRE </description>
    <Point>
      <coordinates>5.177500000000009,43.536667</coordinates>
    </Point>
  </Placemark>
  <Placemark id="LFNS">
    <name>LFNS - Sisteron Vaumeilh</name>
    <description>Aérodrome Restreint Autorisation OBLIGATOIRE </description>
    <Point>
      <coordinates>5.929167000000007,44.286667</coordinates>
    </Point>
  </Placemark>
  <Placemark id="LFNT">
    <name>LFNT - Avignon Pujaut</name>
    <description>Aérodrome Restreint Ouvert aux ULM Autorisation OBLIGATOIRE </description>
    <Point>
      <coordinates>4.7551306455078475,43.99345588508525</coordinates>
    </Point>
  </Placemark>
  <Placemark id="LFNU">
    <name>LFNU - Uzès</name>
    <description>Aérodrome Restreint Autorisation OBLIGATOIRE </description>
    <Point>
      <coordinates>4.393888999999945,44.083333</coordinates>
    </Point>
  </Placemark>
  <Placemark id="LFNV">
    <name>LFNV - Valréas Visan</name>
    <description>Aérodrome C.A.P. Libre d&#039;accès aux ULM  </description>
    <Point>
      <coordinates>4.908188544982965,44.33696872061396</coordinates>
    </Point>
  </Placemark>
  <Placemark id="LFNW">
    <name>LFNW - Puivert</name>
    <description>Aérodrome Restreint Ouvert aux ULM Autorisation OBLIGATOIRE </description>
    <Point>
      <coordinates>2.0547222222221535,42.910277777778</coordinates>
    </Point>
  </Placemark>
  <Placemark id="LFNX">
    <name>LFNX - Bédarieux</name>
    <description>Aérodrome Restreint Ouvert aux ULM Autorisation OBLIGATOIRE </description>
    <Point>
      <coordinates>3.144808,43.639287</coordinates>
    </Point>
  </Placemark>
  <Placemark id="LFNZ">
    <name>LFNZ - Le Mazet de Romanin</name>
    <description>Aérodrome Restreint Ouvert aux ULM Autorisation OBLIGATOIRE </description>
    <Point>
      <coordinates>4.894100677246115,43.77170070546</coordinates>
    </Point>
  </Placemark>
  <Placemark id="LFOA">
    <name>LFOA - Avord</name>
    <description>Aérodrome Réservé Administrations Interdit CAP</description>
    <Point>
      <coordinates>2.638889,47.056944</coordinates>
    </Point>
  </Placemark>
  <Placemark id="LFOB">
    <name>LFOB - Beauvais Tille</name>
    <description>Aérodrome C.A.P. Ouvert aux ULM Autorisation OBLIGATOIRE </description>
    <Point>
      <coordinates>2.112778,49.454444</coordinates>
    </Point>
  </Placemark>
  <Placemark id="LFOC">
    <name>LFOC - Châteaudun</name>
    <description>Aérodrome C.A.P. Avec Restrictions Autorisation OBLIGATOIRE </description>
    <Point>
      <coordinates>1.3784140317383162,48.057663264692</coordinates>
    </Point>
  </Placemark>
  <Placemark id="LFOD">
    <name>LFOD - Saumur St Florent</name>
    <description>Aérodrome C.A.P. Ouvert aux ULM Autorisation OBLIGATOIRE </description>
    <Point>
      <coordinates>W 000 06 49,N 47 15 24</coordinates>
    </Point>
  </Placemark>
  <Placemark id="LFOE">
    <name>LFOE - Évreux Fauville</name>
    <description>Aérodrome Réservé Administrations Interdit CAP</description>
    <Point>
      <coordinates>1.2200000000000273,49.028611</coordinates>
    </Point>
  </Placemark>
  <Placemark id="LFOF">
    <name>LFOF - Alençon Valframbert</name>
    <description>Aérodrome C.A.P. Libre d&#039;accès aux ULM  </description>
    <Point>
      <coordinates>0.108333000000016,48.446667</coordinates>
    </Point>
  </Placemark>
  <Placemark id="LFOG">
    <name>LFOG - Flers Saint Paul</name>
    <description>Aérodrome C.A.P. Libre d&#039;accès aux ULM  </description>
    <Point>
      <coordinates>-0.594722000000047,48.749722</coordinates>
    </Point>
  </Placemark>
  <Placemark id="LFOH">
    <name>LFOH - Le Havre Octeville</name>
    <description>Aérodrome C.A.P. Libre d&#039;accès aux ULM  </description>
    <Point>
      <coordinates>E 000 05 17,N 49 32 02</coordinates>
    </Point>
  </Placemark>
  <Placemark id="LFOI">
    <name>LFOI - Abbeville</name>
    <description>Aérodrome C.A.P. Libre d&#039;accès aux ULM  </description>
    <Point>
      <coordinates>1.8311111111111131,50.14222222222222</coordinates>
    </Point>
  </Placemark>
  <Placemark id="LFOJ">
    <name>LFOJ - Orléans Bricy</name>
    <description>Aérodrome Réservé Administrations Interdit CAP</description>
    <Point>
      <coordinates>1.760556,47.987778</coordinates>
    </Point>
  </Placemark>
  <Placemark id="LFOK">
    <name>LFOK - Châlons Vatry</name>
    <description>Aérodrome C.A.P. Interdit aux ULM </description>
    <Point>
      <coordinates>4.206111111111113,48.77333333333333</coordinates>
    </Point>
  </Placemark>
  <Placemark id="LFOL">
    <name>LFOL - L&#039;Aigle Saint Michel</name>
    <description>Aérodrome C.A.P. Libre d&#039;accès aux ULM  </description>
    <Point>
      <coordinates>0.6551125237426731,48.75817162664437</coordinates>
    </Point>
  </Placemark>
  <Placemark id="LFOM">
    <name>LFOM - Lessay</name>
    <description>Aérodrome C.A.P. Libre d&#039;accès aux ULM  </description>
    <Point>
      <coordinates>-1.506666999999993,49.203056</coordinates>
    </Point>
  </Placemark>
  <Placemark id="LFON">
    <name>LFON - Dreux Vernouillet</name>
    <description>Aérodrome C.A.P. Libre d&#039;accès aux ULM  </description>
    <Point>
      <coordinates>1.3613888888888823,48.70583333333333</coordinates>
    </Point>
  </Placemark>
  <Placemark id="LFOO">
    <name>LFOO - Les Sables d&#039;Olonne Talmont</name>
    <description>Aérodrome C.A.P. Libre d&#039;accès aux ULM  </description>
    <Point>
      <coordinates>-1.7255793571472466,46.47573332522167</coordinates>
    </Point>
  </Placemark>
  <Placemark id="LFOP">
    <name>LFOP - Rouen - Vallée de Seine</name>
    <description>Aérodrome C.A.P. Ouvert aux ULM Autorisation OBLIGATOIRE </description>
    <Point>
      <coordinates>1.1771940951877014,49.386196168039596</coordinates>
    </Point>
  </Placemark>
  <Placemark id="LFOQ">
    <name>LFOQ - Blois le Breuil</name>
    <description>Aérodrome C.A.P. Libre d&#039;accès aux ULM  </description>
    <Point>
      <coordinates>1.205833,47.679722</coordinates>
    </Point>
  </Placemark>
  <Placemark id="LFOR">
    <name>LFOR - Chartres Métropole</name>
    <description>Aérodrome C.A.P. Libre d&#039;accès aux ULM  </description>
    <Point>
      <coordinates>1.5187469890231498,48.45791753394971</coordinates>
    </Point>
  </Placemark>
  <Placemark id="LFOS">
    <name>LFOS - Saint Valéry - Vittefleur</name>
    <description>Aérodrome C.A.P. Libre d&#039;accès aux ULM  </description>
    <Point>
      <coordinates>0.6555559999999332,49.835278</coordinates>
    </Point>
  </Placemark>
  <Placemark id="LFOT">
    <name>LFOT - Tours Val de Loire</name>
    <description>Aérodrome C.A.P. Libre d&#039;accès aux ULM  </description>
    <Point>
      <coordinates>0.726660888916058,47.42996987207698</coordinates>
    </Point>
  </Placemark>
  <Placemark id="LFOU">
    <name>LFOU - Cholet Le Pontreau</name>
    <description>Aérodrome C.A.P. Libre d&#039;accès aux ULM  </description>
    <Point>
      <coordinates>-0.8772222222222581,47.081944444444446</coordinates>
    </Point>
  </Placemark>
  <Placemark id="LFOV">
    <name>LFOV - Laval Entrammes</name>
    <description>Aérodrome C.A.P. Ouvert aux ULM Autorisation OBLIGATOIRE </description>
    <Point>
      <coordinates>-0.742778,48.032222</coordinates>
    </Point>
  </Placemark>
  <Placemark id="LFOW">
    <name>LFOW - St Quentin - Roupy</name>
    <description>Aérodrome C.A.P. Libre d&#039;accès aux ULM  </description>
    <Point>
      <coordinates>3.206666666666706,49.816944444444</coordinates>
    </Point>
  </Placemark>
  <Placemark id="LFOX">
    <name>LFOX - Étampes - Mondésir</name>
    <description>Aérodrome C.A.P. Libre d&#039;accès aux ULM  </description>
    <Point>
      <coordinates>2.0763351746215903,48.38074045704669</coordinates>
    </Point>
  </Placemark>
  <Placemark id="LFOY">
    <name>LFOY - Le Havre St Romain</name>
    <description>Aérodrome C.A.P. Libre d&#039;accès aux ULM  </description>
    <Point>
      <coordinates>E 000 21 35,N 49 32 38</coordinates>
    </Point>
  </Placemark>
  <Placemark id="LFOZ">
    <name>LFOZ - Orléans - St Denis de l&#039;hotel</name>
    <description>Aérodrome C.A.P. Libre d&#039;accès aux ULM  </description>
    <Point>
      <coordinates>2.164166666666688,47.8975</coordinates>
    </Point>
  </Placemark>
  <Placemark id="LFPA">
    <name>LFPA - Persan - Beaumont</name>
    <description>Aérodrome C.A.P. Libre d&#039;accès aux ULM  </description>
    <Point>
      <coordinates>2.3213768005371094,49.1672824856901</coordinates>
    </Point>
  </Placemark>
  <Placemark id="LFPB">
    <name>LFPB - Paris Le Bourget</name>
    <description>Aérodrome C.A.P. Ouvert aux ULM Autorisation OBLIGATOIRE </description>
    <Point>
      <coordinates>2.441389,48.969444</coordinates>
    </Point>
  </Placemark>
  <Placemark id="LFPD">
    <name>LFPD - Bernay Saint Martin</name>
    <description>Aérodrome C.A.P. Libre d&#039;accès aux ULM  </description>
    <Point>
      <coordinates>0.5674442751464994,49.10233141764154</coordinates>
    </Point>
  </Placemark>
  <Placemark id="LFPE">
    <name>LFPE - Meaux - Esbly</name>
    <description>Aérodrome C.A.P. Ouvert aux ULM Autorisation OBLIGATOIRE </description>
    <Point>
      <coordinates>2.835090629638671,48.92739513834381</coordinates>
    </Point>
  </Placemark>
  <Placemark id="LFPF">
    <name>LFPF - Beynes - Thiverval</name>
    <description>Aérodrome Restreint Autorisation OBLIGATOIRE </description>
    <Point>
      <coordinates>1.9059278412476033,48.843187459836</coordinates>
    </Point>
  </Placemark>
  <Placemark id="LFPG">
    <name>LFPG - Paris Charles de Gaulle</name>
    <description>Aérodrome C.A.P. Interdit aux ULM </description>
    <Point>
      <coordinates>2.54777777777781,49.00972222222222</coordinates>
    </Point>
  </Placemark>
  <Placemark id="LFPH">
    <name>LFPH - Chelles Le Pin</name>
    <description>Aérodrome C.A.P. Libre d&#039;accès aux ULM  </description>
    <Point>
      <coordinates>2.608170936523493,48.89717483801131</coordinates>
    </Point>
  </Placemark>
  <Placemark id="LFPK">
    <name>LFPK - Coulommiers Voisins</name>
    <description>Aérodrome C.A.P. Ouvert aux ULM Autorisation OBLIGATOIRE </description>
    <Point>
      <coordinates>3.0144444444444445,48.8375</coordinates>
    </Point>
  </Placemark>
  <Placemark id="LFPL">
    <name>LFPL - Lognes Emerainville</name>
    <description>Aérodrome C.A.P. Ouvert aux ULM Autorisation OBLIGATOIRE </description>
    <Point>
      <coordinates>2.626554550293008,48.82115283931084</coordinates>
    </Point>
  </Placemark>
  <Placemark id="LFPM">
    <name>LFPM - Melun - Villaroche</name>
    <description>Aérodrome C.A.P. Avec Restrictions Libre d&#039;accès aux ULM</description>
    <Point>
      <coordinates>2.670833,48.605278</coordinates>
    </Point>
  </Placemark>
  <Placemark id="LFPN">
    <name>LFPN - Paris Saclay Versailles</name>
    <description>Aérodrome C.A.P. Ouvert aux ULM Autorisation OBLIGATOIRE </description>
    <Point>
      <coordinates>2.10604698937982,48.752834486605735</coordinates>
    </Point>
  </Placemark>
  <Placemark id="LFPO">
    <name>LFPO - Paris Orly</name>
    <description>Aérodrome C.A.P. Interdit aux ULM </description>
    <Point>
      <coordinates>2.379444000000035,48.723333</coordinates>
    </Point>
  </Placemark>
  <Placemark id="LFPP">
    <name>LFPP - Le Plessis Belleville</name>
    <description>Aérodrome C.A.P. Ouvert aux ULM Autorisation OBLIGATOIRE </description>
    <Point>
      <coordinates>2.736943999999994,49.109167</coordinates>
    </Point>
  </Placemark>
  <Placemark id="LFPQ">
    <name>LFPQ - Fontenay Trésigny</name>
    <description>Aérodrome C.A.P. Libre d&#039;accès aux ULM  </description>
    <Point>
      <coordinates>2.9045534133911133,48.70591603174505</coordinates>
    </Point>
  </Placemark>
  <Placemark id="LFPR">
    <name>LFPR - Orange Plan de Dieu</name>
    <description>Aérodrome Restreint Ouvert aux ULM Autorisation OBLIGATOIRE </description>
    <Point>
      <coordinates>4.918888888888889,44.17944444444444</coordinates>
    </Point>
  </Placemark>
  <Placemark id="LFPT">
    <name>LFPT - Pontoise - Cormeilles en Vexin</name>
    <description>Aérodrome C.A.P. Libre d&#039;accès aux ULM  </description>
    <Point>
      <coordinates>2.0337948835449424,49.092170746084115</coordinates>
    </Point>
  </Placemark>
  <Placemark id="LFPU">
    <name>LFPU - Moret Episy</name>
    <description>Aérodrome C.A.P. Libre d&#039;accès aux ULM  </description>
    <Point>
      <coordinates>2.7970407407226503,48.340974136518</coordinates>
    </Point>
  </Placemark>
  <Placemark id="LFPV">
    <name>LFPV - Villacoublay Vélizy</name>
    <description>Aérodrome Réservé Administrations Interdit CAP</description>
    <Point>
      <coordinates>2.2033399736328647,48.77456295260897</coordinates>
    </Point>
  </Placemark>
  <Placemark id="LFPX">
    <name>LFPX - Chavenay Villepreux</name>
    <description>Aérodrome C.A.P. Ouvert aux ULM Autorisation OBLIGATOIRE </description>
    <Point>
      <coordinates>1.979684829711914,48.84195508365</coordinates>
    </Point>
  </Placemark>
  <Placemark id="LFPZ">
    <name>LFPZ - Saint Cyr l&#039;Ecole</name>
    <description>Aérodrome C.A.P. Ouvert aux ULM Autorisation OBLIGATOIRE </description>
    <Point>
      <coordinates>2.068347930908203,48.811781158836</coordinates>
    </Point>
  </Placemark>
  <Placemark id="LFQA">
    <name>LFQA - Reims - Prunay</name>
    <description>Aérodrome C.A.P. Ouvert aux ULM Autorisation OBLIGATOIRE </description>
    <Point>
      <coordinates>4.157997375671357,49.20908762478839</coordinates>
    </Point>
  </Placemark>
  <Placemark id="LFQB">
    <name>LFQB - Troyes - Barberey</name>
    <description>Aérodrome C.A.P. Libre d&#039;accès aux ULM  </description>
    <Point>
      <coordinates>4.016924376196357,48.32007971820925</coordinates>
    </Point>
  </Placemark>
  <Placemark id="LFQC">
    <name>LFQC - Lunéville Croismare</name>
    <description>Aérodrome C.A.P. Libre d&#039;accès aux ULM  </description>
    <Point>
      <coordinates>6.542222,48.593611</coordinates>
    </Point>
  </Placemark>
  <Placemark id="LFQD">
    <name>LFQD - Arras Roclincourt</name>
    <description>Aérodrome C.A.P. Libre d&#039;accès aux ULM  </description>
    <Point>
      <coordinates>2.8002030793456925,50.32224502128562</coordinates>
    </Point>
  </Placemark>
  <Placemark id="LFQE">
    <name>LFQE - Étain Rouvres</name>
    <description>Aérodrome Réservé Administrations Interdit CAP</description>
    <Point>
      <coordinates>5.676110999999992,49.229167</coordinates>
    </Point>
  </Placemark>
  <Placemark id="LFQF">
    <name>LFQF - Autun - Bellevue</name>
    <description>Aérodrome C.A.P. Libre d&#039;accès aux ULM  </description>
    <Point>
      <coordinates>4.2610251693115515,46.969002509294995</coordinates>
    </Point>
  </Placemark>
  <Placemark id="LFQG">
    <name>LFQG - Nevers Fourchambault</name>
    <description>Aérodrome C.A.P. Libre d&#039;accès aux ULM  </description>
    <Point>
      <coordinates>3.110833,47.003611</coordinates>
    </Point>
  </Placemark>
  <Placemark id="LFQH">
    <name>LFQH - Châtillon sur Seine</name>
    <description>Aérodrome C.A.P. Libre d&#039;accès aux ULM  </description>
    <Point>
      <coordinates>4.578671523803659,47.84376526430916</coordinates>
    </Point>
  </Placemark>
  <Placemark id="LFQJ">
    <name>LFQJ - Maubeuge - Elesmes</name>
    <description>Aérodrome C.A.P. Libre d&#039;accès aux ULM  </description>
    <Point>
      <coordinates>4.03,50.308333</coordinates>
    </Point>
  </Placemark>
  <Placemark id="LFQK">
    <name>LFQK - Châlons - Ecury sur Coole</name>
    <description>Aérodrome C.A.P. Libre d&#039;accès aux ULM  </description>
    <Point>
      <coordinates>4.352778,48.905556</coordinates>
    </Point>
  </Placemark>
  <Placemark id="LFQL">
    <name>LFQL - Lens Benifontaine</name>
    <description>Aérodrome C.A.P. Libre d&#039;accès aux ULM  </description>
    <Point>
      <coordinates>2.818861994628792,50.46602614527825</coordinates>
    </Point>
  </Placemark>
  <Placemark id="LFQM">
    <name>LFQM - Besançon La Vèze</name>
    <description>Aérodrome C.A.P. Ouvert aux ULM Autorisation OBLIGATOIRE </description>
    <Point>
      <coordinates>6.08055555555552,47.20527777777778</coordinates>
    </Point>
  </Placemark>
  <Placemark id="LFQN">
    <name>LFQN - St Omer Wizernes</name>
    <description>Aérodrome C.A.P. Libre d&#039;accès aux ULM  </description>
    <Point>
      <coordinates>2.235833333333403,50.72944444444445</coordinates>
    </Point>
  </Placemark>
  <Placemark id="LFQO">
    <name>LFQO - Lille Marcq en Baroeul</name>
    <description>Aérodrome C.A.P. Libre d&#039;accès aux ULM  </description>
    <Point>
      <coordinates>3.075556000000006,50.687222</coordinates>
    </Point>
  </Placemark>
  <Placemark id="LFQP">
    <name>LFQP - Phalsbourg Bourscheid</name>
    <description>Aérodrome Réservé Administrations Interdit CAP</description>
    <Point>
      <coordinates>7.1999562750922905,48.76595727605468</coordinates>
    </Point>
  </Placemark>
  <Placemark id="LFQQ">
    <name>LFQQ - Lille Lesquin</name>
    <description>Aérodrome C.A.P. Interdit aux ULM </description>
    <Point>
      <coordinates>3.1054834287109543,50.566168047830146</coordinates>
    </Point>
  </Placemark>
  <Placemark id="LFQT">
    <name>LFQT - Merville - Calonne</name>
    <description>Aérodrome C.A.P. Ouvert aux ULM Autorisation OBLIGATOIRE </description>
    <Point>
      <coordinates>2.6450185721679853,50.620312172280386</coordinates>
    </Point>
  </Placemark>
  <Placemark id="LFQU">
    <name>LFQU - Sarre Union</name>
    <description>Aérodrome Restreint Ouvert aux ULM Autorisation OBLIGATOIRE </description>
    <Point>
      <coordinates>7.079328701080385,48.950917548275</coordinates>
    </Point>
  </Placemark>
  <Placemark id="LFQV">
    <name>LFQV - Charleville Mézières</name>
    <description>Aérodrome C.A.P. Libre d&#039;accès aux ULM  </description>
    <Point>
      <coordinates>4.642777777777837,49.785</coordinates>
    </Point>
  </Placemark>
  <Placemark id="LFQW">
    <name>LFQW - Vesoul - Frotey</name>
    <description>Aérodrome C.A.P. Libre d&#039;accès aux ULM  </description>
    <Point>
      <coordinates>6.202211380004883,47.63853074014737</coordinates>
    </Point>
  </Placemark>
  <Placemark id="LFQX">
    <name>LFQX - Juvancourt</name>
    <description>Aérodrome Restreint Ouvert aux ULM Autorisation OBLIGATOIRE </description>
    <Point>
      <coordinates>4.819736480712891,48.114021673679</coordinates>
    </Point>
  </Placemark>
  <Placemark id="LFQY">
    <name>LFQY - Saverne Steinbourg</name>
    <description>Aérodrome Restreint Ouvert aux ULM Autorisation OBLIGATOIRE </description>
    <Point>
      <coordinates>7.425684928894043,48.75320380827664</coordinates>
    </Point>
  </Placemark>
  <Placemark id="LFQZ">
    <name>LFQZ - Dieuze Guéblange</name>
    <description>Aérodrome Restreint Autorisation OBLIGATOIRE </description>
    <Point>
      <coordinates>6.714167,48.774444</coordinates>
    </Point>
  </Placemark>
  <Placemark id="LFRB">
    <name>LFRB - Brest Bretagne</name>
    <description>Aérodrome C.A.P. Ouvert aux ULM Autorisation OBLIGATOIRE </description>
    <Point>
      <coordinates>-4.42166700000007,48.447222</coordinates>
    </Point>
  </Placemark>
  <Placemark id="LFRC">
    <name>LFRC - Cherbourg Maupertus</name>
    <description>Aérodrome C.A.P. Libre d&#039;accès aux ULM  </description>
    <Point>
      <coordinates>-1.475278000000003,49.650833</coordinates>
    </Point>
  </Placemark>
  <Placemark id="LFRD">
    <name>LFRD - Dinard - Pleurtuit St Malo</name>
    <description>Aérodrome C.A.P. Libre d&#039;accès aux ULM  </description>
    <Point>
      <coordinates>-2.0796566772461347,48.586478041512905</coordinates>
    </Point>
  </Placemark>
  <Placemark id="LFRE">
    <name>LFRE - La Baule Escoublac</name>
    <description>Aérodrome C.A.P. Libre d&#039;accès aux ULM  </description>
    <Point>
      <coordinates>-2.3476409912109375,47.288020967970105</coordinates>
    </Point>
  </Placemark>
  <Placemark id="LFRF">
    <name>LFRF - Granville Mont Saint Michel</name>
    <description>Aérodrome C.A.P. Libre d&#039;accès aux ULM  </description>
    <Point>
      <coordinates>-1.5638888888888687,48.882807814646</coordinates>
    </Point>
  </Placemark>
  <Placemark id="LFRG">
    <name>LFRG - Deauville Normandie</name>
    <description>Aérodrome C.A.P. Ouvert aux ULM Autorisation OBLIGATOIRE </description>
    <Point>
      <coordinates>0.15999999999996817,49.363333</coordinates>
    </Point>
  </Placemark>
  <Placemark id="LFRH">
    <name>LFRH - Lorient Lann Bihoué</name>
    <description>Aérodrome Restreint Ouvert aux ULM Autorisation OBLIGATOIRE </description>
    <Point>
      <coordinates>-3.4400000000000546,47.760556</coordinates>
    </Point>
  </Placemark>
  <Placemark id="LFRI">
    <name>LFRI - La Roche sur Yon - Les Ajoncs</name>
    <description>Aérodrome C.A.P. Ouvert aux ULM Autorisation OBLIGATOIRE </description>
    <Point>
      <coordinates>-1.381666999999993,46.7025</coordinates>
    </Point>
  </Placemark>
  <Placemark id="LFRJ">
    <name>LFRJ - Landivisiau</name>
    <description>Aérodrome Réservé Administrations Interdit CAP</description>
    <Point>
      <coordinates>-4.151666999999975,48.530278</coordinates>
    </Point>
  </Placemark>
  <Placemark id="LFRK">
    <name>LFRK - Caen - Carpiquet</name>
    <description>Aérodrome C.A.P. Ouvert aux ULM Autorisation OBLIGATOIRE </description>
    <Point>
      <coordinates>-0.450000,49.173333</coordinates>
    </Point>
  </Placemark>
  <Placemark id="LFRL">
    <name>LFRL - Lanvéoc Poulmic</name>
    <description>Aérodrome Réservé Administrations Interdit CAP</description>
    <Point>
      <coordinates>-4.443611,48.2825</coordinates>
    </Point>
  </Placemark>
  <Placemark id="LFRM">
    <name>LFRM - Le Mans Arnage</name>
    <description>Aérodrome C.A.P. Libre d&#039;accès aux ULM  </description>
    <Point>
      <coordinates>0.20166700000004312,47.948611</coordinates>
    </Point>
  </Placemark>
  <Placemark id="LFRN">
    <name>LFRN - Rennes - Saint Jacques</name>
    <description>Aérodrome C.A.P. Ouvert aux ULM Autorisation OBLIGATOIRE </description>
    <Point>
      <coordinates>-1.731480055786152,48.06976458531422</coordinates>
    </Point>
  </Placemark>
  <Placemark id="LFRO">
    <name>LFRO - Lannion</name>
    <description>Aérodrome C.A.P. Libre d&#039;accès aux ULM  </description>
    <Point>
      <coordinates>-3.471944,48.754444</coordinates>
    </Point>
  </Placemark>
  <Placemark id="LFRP">
    <name>LFRP - Ploërmel Loyat</name>
    <description>Aérodrome C.A.P. Libre d&#039;accès aux ULM  </description>
    <Point>
      <coordinates>-2.3786111111111268,48.001944444444</coordinates>
    </Point>
  </Placemark>
  <Placemark id="LFRQ">
    <name>LFRQ - Quimper-  Pluguffan</name>
    <description>Aérodrome C.A.P. Ouvert aux ULM Autorisation OBLIGATOIRE </description>
    <Point>
      <coordinates>-4.167777777777815,47.975</coordinates>
    </Point>
  </Placemark>
  <Placemark id="LFRS">
    <name>LFRS - Nantes Atlantique</name>
    <description>Aérodrome C.A.P. Interdit aux ULM </description>
    <Point>
      <coordinates>-1.6124128571777874,47.15087377408119</coordinates>
    </Point>
  </Placemark>
  <Placemark id="LFRT">
    <name>LFRT - Saint Brieuc Armor</name>
    <description>Aérodrome C.A.P. Ouvert aux ULM Autorisation OBLIGATOIRE </description>
    <Point>
      <coordinates>-2.856667,48.5375</coordinates>
    </Point>
  </Placemark>
  <Placemark id="LFRU">
    <name>LFRU - Morlaix Ploujean</name>
    <description>Aérodrome C.A.P. Libre d&#039;accès aux ULM  </description>
    <Point>
      <coordinates>-3.816667000000052,48.600833</coordinates>
    </Point>
  </Placemark>
  <Placemark id="LFRV">
    <name>LFRV - Vannes - Meucon</name>
    <description>Aérodrome C.A.P. Ouvert aux ULM Autorisation OBLIGATOIRE </description>
    <Point>
      <coordinates>-2.720586417968775,47.72170766909239</coordinates>
    </Point>
  </Placemark>
  <Placemark id="LFRW">
    <name>LFRW - Avranches Le Val Saint Père</name>
    <description>Aérodrome Restreint Autorisation OBLIGATOIRE </description>
    <Point>
      <coordinates>-1.404448,48.662085</coordinates>
    </Point>
  </Placemark>
  <Placemark id="LFRZ">
    <name>LFRZ - St Nazaire  Montoir</name>
    <description>Aérodrome C.A.P. Libre d&#039;accès aux ULM  </description>
    <Point>
      <coordinates>-2.14736,47.312134</coordinates>
    </Point>
  </Placemark>
  <Placemark id="LFSA">
    <name>LFSA - Besançon Thise</name>
    <description>Aérodrome C.A.P. Libre d&#039;accès aux ULM  </description>
    <Point>
      <coordinates>6.083055555555575,47.27361111111111</coordinates>
    </Point>
  </Placemark>
  <Placemark id="LFSB">
    <name>LFSB - Bâle Mulhouse</name>
    <description>Aérodrome C.A.P. Avec Restrictions Autorisation OBLIGATOIRE </description>
    <Point>
      <coordinates>7.520583931152373,47.60273356849764</coordinates>
    </Point>
  </Placemark>
  <Placemark id="LFSD">
    <name>LFSD - Dijon - Longvic</name>
    <description>Aérodrome C.A.P. Ouvert aux ULM Autorisation OBLIGATOIRE </description>
    <Point>
      <coordinates>5.09499977777773,47.265833</coordinates>
    </Point>
  </Placemark>
  <Placemark id="LFSE">
    <name>LFSE - Epinal Dogneville</name>
    <description>Aérodrome C.A.P. Libre d&#039;accès aux ULM  </description>
    <Point>
      <coordinates>6.448220,48.210706</coordinates>
    </Point>
  </Placemark>
  <Placemark id="LFSG">
    <name>LFSG - Épinal Mirecourt</name>
    <description>Aérodrome C.A.P. Libre d&#039;accès aux ULM  </description>
    <Point>
      <coordinates>6.066667000000052,48.325</coordinates>
    </Point>
  </Placemark>
  <Placemark id="LFSH">
    <name>LFSH - Haguenau</name>
    <description>Aérodrome C.A.P. Libre d&#039;accès aux ULM  </description>
    <Point>
      <coordinates>7.815819603149388,48.79490854699137</coordinates>
    </Point>
  </Placemark>
  <Placemark id="LFSI">
    <name>LFSI - Saint Dizier Robinson</name>
    <description>Aérodrome Réservé Administrations Interdit CAP</description>
    <Point>
      <coordinates>4.900374,48.635852</coordinates>
    </Point>
  </Placemark>
  <Placemark id="LFSJ">
    <name>LFSJ - Sedan - Douzy</name>
    <description>Aérodrome C.A.P. Libre d&#039;accès aux ULM  </description>
    <Point>
      <coordinates>5.03881276721188,49.659389049734045</coordinates>
    </Point>
  </Placemark>
  <Placemark id="LFSK">
    <name>LFSK - Vitry le François - Vauclerc</name>
    <description>Aérodrome C.A.P. Libre d&#039;accès aux ULM  </description>
    <Point>
      <coordinates>4.683332999999948,48.702222</coordinates>
    </Point>
  </Placemark>
  <Placemark id="LFSL">
    <name>LFSL - Brive Souillac</name>
    <description>Aérodrome C.A.P. Libre d&#039;accès aux ULM  </description>
    <Point>
      <coordinates>1.4861675436553696,45.040078313946</coordinates>
    </Point>
  </Placemark>
  <Placemark id="LFSM">
    <name>LFSM - Montbéliard - Courcelles</name>
    <description>Aérodrome C.A.P. Libre d&#039;accès aux ULM  </description>
    <Point>
      <coordinates>6.791396141052246,47.48702000526012</coordinates>
    </Point>
  </Placemark>
  <Placemark id="LFSN">
    <name>LFSN - Nancy Essey</name>
    <description>Aérodrome C.A.P. Ouvert aux ULM Autorisation OBLIGATOIRE </description>
    <Point>
      <coordinates>6.231861656127876,48.69278856831737</coordinates>
    </Point>
  </Placemark>
  <Placemark id="LFSO">
    <name>LFSO - Nancy Ochey</name>
    <description>Aérodrome Réservé Administrations Interdit CAP</description>
    <Point>
      <coordinates>5.954443999999967,48.583056</coordinates>
    </Point>
  </Placemark>
  <Placemark id="LFSP">
    <name>LFSP - Pontarlier</name>
    <description>Aérodrome C.A.P. Libre d&#039;accès aux ULM  </description>
    <Point>
      <coordinates>6.32662296295166,46.904512539911</coordinates>
    </Point>
  </Placemark>
  <Placemark id="LFSS">
    <name>LFSS - St Sulpice des Landes</name>
    <description>Aérodrome Restreint Ouvert aux ULM Autorisation OBLIGATOIRE </description>
    <Point>
      <coordinates>-1.6436111111111131,47.791551339563</coordinates>
    </Point>
  </Placemark>
  <Placemark id="LFST">
    <name>LFST - Strasbourg Entzheim</name>
    <description>Aérodrome C.A.P. Avec Restrictions Autorisation OBLIGATOIRE </description>
    <Point>
      <coordinates>7.627749206298846,48.539071925410525</coordinates>
    </Point>
  </Placemark>
  <Placemark id="LFSU">
    <name>LFSU - Langres Rolampont</name>
    <description>Aérodrome C.A.P. Libre d&#039;accès aux ULM  </description>
    <Point>
      <coordinates>5.293611000000055,47.964167</coordinates>
    </Point>
  </Placemark>
  <Placemark id="LFSV">
    <name>LFSV - Pont Saint Vincent</name>
    <description>Aérodrome Restreint Ouvert aux ULM Autorisation OBLIGATOIRE </description>
    <Point>
      <coordinates>6.0587063174777995,48.601078444689</coordinates>
    </Point>
  </Placemark>
  <Placemark id="LFSW">
    <name>LFSW - Épernay Plivot</name>
    <description>Aérodrome C.A.P. Libre d&#039;accès aux ULM  </description>
    <Point>
      <coordinates>4.086179000006723,49.00528901187993</coordinates>
    </Point>
  </Placemark>
  <Placemark id="LFSX">
    <name>LFSX - Luxeuil Saint Sauveur</name>
    <description>Aérodrome Réservé Administrations Interdit CAP</description>
    <Point>
      <coordinates>6.349979629516611,47.78722222222201</coordinates>
    </Point>
  </Placemark>
  <Placemark id="LFSY">
    <name>LFSY - Cessey Baigneux les Juifs</name>
    <description>Aérodrome Privé Ouvert aux ULM</description>
    <Point>
      <coordinates>4.617500,47.609722</coordinates>
    </Point>
  </Placemark>
  <Placemark id="LFTA">
    <name>LFTA - La Tranche-sur-Mer</name>
    <description>Aérodrome Restreint Autorisation OBLIGATOIRE </description>
    <Point>
      <coordinates>-1.427265137566458,46.36353337170165</coordinates>
    </Point>
  </Placemark>
  <Placemark id="LFTB">
    <name>LFTB - Marignane-Berre</name>
    <description>Hydrobase C.A.P. Ouvert aux ULM </description>
    <Point>
      <coordinates>5.216666666666697,43.45</coordinates>
    </Point>
  </Placemark>
  <Placemark id="LFTF">
    <name>LFTF - Cuers Pierrefeu</name>
    <description>Aérodrome C.A.P. Libre d&#039;accès aux ULM  </description>
    <Point>
      <coordinates>6.127221999999961,43.2475</coordinates>
    </Point>
  </Placemark>
  <Placemark id="LFTH">
    <name>LFTH - Hyères le Palyvestre</name>
    <description>Aérodrome Restreint,  Interdit aux ULM  </description>
    <Point>
      <coordinates>6.146111000000019,43.097222</coordinates>
    </Point>
  </Placemark>
  <Placemark id="LFTM">
    <name>LFTM - Serres La Bâtie Montsaléon</name>
    <description>Aérodrome Restreint Ouvert aux ULM Autorisation OBLIGATOIRE </description>
    <Point>
      <coordinates>5.7273292883605675,44.45409746892508</coordinates>
    </Point>
  </Placemark>
  <Placemark id="LFTN">
    <name>LFTN - La Grande Combe</name>
    <description>Aérodrome Restreint Ouvert aux ULM Autorisation OBLIGATOIRE </description>
    <Point>
      <coordinates>4.010896423278837,44.24388608143018</coordinates>
    </Point>
  </Placemark>
  <Placemark id="LFTP">
    <name>LFTP - Puimoisson </name>
    <description>Aérodrome Restreint Ouvert aux ULM Autorisation OBLIGATOIRE </description>
    <Point>
      <coordinates>6.162777777777819,43.86888888888889</coordinates>
    </Point>
  </Placemark>
  <Placemark id="LFTQ">
    <name>LFTQ - Châteaubriant Pouancé</name>
    <description>Aérodrome C.A.P. Libre d&#039;accès aux ULM  </description>
    <Point>
      <coordinates>-1.1902777777777374,47.739444444444445</coordinates>
    </Point>
  </Placemark>
  <Placemark id="LFTW">
    <name>LFTW - Nîmes Garons</name>
    <description>Aérodrome C.A.P. Interdit aux ULM </description>
    <Point>
      <coordinates>4.416388999999981,43.7575</coordinates>
    </Point>
  </Placemark>
  <Placemark id="LFTZ">
    <name>LFTZ - La Môle</name>
    <description>Aérodrome Restreint Ouvert aux ULM Autorisation OBLIGATOIRE </description>
    <Point>
      <coordinates>6.482371253967244,43.20566954049622</coordinates>
    </Point>
  </Placemark>
  <Placemark id="LFXA">
    <name>LFXA - Ambérieu</name>
    <description>Aérodrome C.A.P. Ouvert aux ULM Autorisation OBLIGATOIRE </description>
    <Point>
      <coordinates>5.328164962890696,45.988190921473</coordinates>
    </Point>
  </Placemark>
  <Placemark id="LFXB">
    <name>LFXB - Saintes Thénac</name>
    <description>Aérodrome Restreint Ouvert aux ULM Autorisation OBLIGATOIRE </description>
    <Point>
      <coordinates>-0.6375701217041296,45.70062523007487</coordinates>
    </Point>
  </Placemark>
  <Placemark id="LFXQ">
    <name>LFXQ - Coetquidan</name>
    <description>Aérodrome Réservé Administrations Interdit CAP</description>
    <Point>
      <coordinates>-2.185978042358329,47.942969081755</coordinates>
    </Point>
  </Placemark>
  <Placemark id="LFXU">
    <name>LFXU - Les Mureaux</name>
    <description>Aérodrome C.A.P. Ouvert aux ULM Autorisation OBLIGATOIRE </description>
    <Point>
      <coordinates>1.9416670000000522,48.998611</coordinates>
    </Point>
  </Placemark>
  <Placemark id="LFYG">
    <name>LFYG - Cambrai Niergnies</name>
    <description>Aérodrome C.A.P. Libre d&#039;accès aux ULM  </description>
    <Point>
      <coordinates>3.263840675354004,50.141678375538525</coordinates>
    </Point>
  </Placemark>
  <Placemark id="LFYR">
    <name>LFYR - Romorantin Pruniers</name>
    <description>Aérodrome Restreint Ouvert aux ULM Autorisation OBLIGATOIRE </description>
    <Point>
      <coordinates>1.691978793674025,47.316818486754</coordinates>
    </Point>
  </Placemark>
  <Placemark id="LFYS">
    <name>LFYS - Ste Léocadie</name>
    <description>Aérodrome Restreint Ouvert aux ULM Autorisation OBLIGATOIRE </description>
    <Point>
      <coordinates>2.00628397351079,42.446208641264526</coordinates>
    </Point>
  </Placemark>
  <Placemark id="LFYV">
    <name>LFYV - Yvetot Baons le Comte</name>
    <description>Aérodrome Restreint Ouvert aux ULM Autorisation OBLIGATOIRE </description>
    <Point>
      <coordinates>0.7284659576415606,49.63827760286745</coordinates>
    </Point>
  </Placemark>
  <Placemark id="NW98803">
    <name>NW98803 - Nakutakoin</name>
    <description>Base ULM Autorisation OBLIGATOIRE </description>
    <Point>
      <coordinates>166.432787,-22.173391</coordinates>
    </Point>
  </Placemark>
  <Placemark id="NWWM">
    <name>NWWM - Nouméa Magenta</name>
    <description>Aérodrome C.A.P. Avec Restrictions Autorisation OBLIGATOIRE </description>
    <Point>
      <coordinates>166.474458,-22.259297</coordinates>
    </Point>
  </Placemark>
  <Placemark id="NWWT">
    <name>NWWT - La Foa Ouatom</name>
    <description>Aérodrome C.A.P. Libre d&#039;accès aux ULM  </description>
    <Point>
      <coordinates>165.863050,-21.821978</coordinates>
    </Point>
  </Placemark>
  <Placemark id="SO97301">
    <name>SO97301 - Hydrobase Mana</name>
    <description>HydroSurface Restreinte Autorisation OBLIGATOIRE </description>
    <Point>
      <coordinates>-53.776555,5.662031</coordinates>
    </Point>
  </Placemark>
  <Placemark id="SO97302">
    <name>SO97302 - Hydrobase de Montsinéry</name>
    <description>HydroSurface Restreinte Autorisation OBLIGATOIRE </description>
    <Point>
      <coordinates>-52.488282,4.894222</coordinates>
    </Point>
  </Placemark>
  <Placemark id="SO97304">
    <name>SO97304 - Terre Rouge</name>
    <description>HydroSurface privée. Autorisation OBLIGATOIRE </description>
    <Point>
      <coordinates>-54.053099,5.451230</coordinates>
    </Point>
  </Placemark>
  <Placemark id="SO97305">
    <name>SO97305 - Quesnel Ouest</name>
    <description>Base ULM Accès limité Autorisation OBLIGATOIRE </description>
    <Point>
      <coordinates>-52.509104,4.942005</coordinates>
    </Point>
  </Placemark>
  <Placemark id="SOCA">
    <name>SOCA - Cayenne Félix Eboué</name>
    <description>Aérodrome C.A.P. Ouvert aux ULM Autorisation OBLIGATOIRE </description>
    <Point>
      <coordinates>-52.362049,4.819638</coordinates>
    </Point>
  </Placemark>
  <Placemark id="SOOM">
    <name>SOOM - Saint Laurent du Maroni</name>
    <description>Aérodrome C.A.P. Ouvert aux ULM Autorisation OBLIGATOIRE </description>
    <Point>
      <coordinates>-54.033649,5.484838</coordinates>
    </Point>
  </Placemark>
  <Placemark id="TF97101">
    <name>TF97101 - Grand Baie</name>
    <description>Base ULM Autorisation OBLIGATOIRE </description>
    <Point>
      <coordinates>-61.512735,16.211676</coordinates>
    </Point>
  </Placemark>
  <Placemark id="TF97102">
    <name>TF97102 - Le Gosier</name>
    <description>HydroSurface Restreinte Autorisation OBLIGATOIRE </description>
    <Point>
      <coordinates>-61.513218,16.211948</coordinates>
    </Point>
  </Placemark>
  <Placemark id="TF97103">
    <name>TF97103 - Sainte Rose</name>
    <description>HydroSurface Restreinte Autorisation OBLIGATOIRE </description>
    <Point>
      <coordinates>-61.702270,16.337008</coordinates>
    </Point>
  </Placemark>
  <Placemark id="TFFC">
    <name>TFFC - Saint-François</name>
    <description>Aérodrome C.A.P. Libre d&#039;accès aux ULM  </description>
    <Point>
      <coordinates>-61.262568,16.257840</coordinates>
    </Point>
  </Placemark>
 </Document>
</kml>

